Time,Replica,Global_Angle,Phe389_Score_Sum,Phe389_Score_Max,Phe390_Score_Sum,Phe390_Score_Max
0.0,charmm-gui-6586474763_gromacs_replicate_3,64.20738576443625,3.3063117958511437,0.8368183970655113,2.9837131286363525,0.7632703836460751
100.0,charmm-gui-6586474763_gromacs_replicate_3,64.87435434050538,3.2666320510799602,0.7557893749673965,2.9457820076911645,0.7810643680623424
200.0,charmm-gui-6586474763_gromacs_replicate_3,64.12720179516404,2.3982059089596857,0.8236847622553674,2.567247621873413,0.6579467055895531
300.0,charmm-gui-6586474763_gromacs_replicate_3,56.83474739753058,2.832495885168463,0.755634064658055,1.6539283943267962,0.6452952412149763
400.0,charmm-gui-6586474763_gromacs_replicate_3,58.241062390912475,3.019150229135484,0.8919835276537708,3.339198765575378,0.8443016915457162
500.0,charmm-gui-6586474763_gromacs_replicate_3,52.673799798422806,3.238266398661455,0.5524778747564113,2.193623480658334,0.6422207758765334
600.0,charmm-gui-6586474763_gromacs_replicate_3,53.70061856418566,3.3579438462271933,0.4928603145768982,3.3568367975936537,0.8509410064189271
700.0,charmm-gui-6586474763_gromacs_replicate_3,65.45389182753955,3.6052600306600198,0.5781749609975503,3.9547905137768957,0.8926565078714662
800.0,charmm-gui-6586474763_gromacs_replicate_3,51.24826718488768,3.191084538982545,0.741391883097917,2.1749580540980444,0.5833141001785898
900.0,charmm-gui-6586474763_gromacs_replicate_3,65.54866753492544,3.2046561011046437,0.7552190806645511,2.214618619443675,0.6288302557037823
1000.0,charmm-gui-6586474763_gromacs_replicate_3,59.94260281038324,2.752314184470639,0.7750040800291532,1.6662190080931993,0.6716606973319152
1100.0,charmm-gui-6586474763_gromacs_replicate_3,52.357725287074885,3.175330002611825,0.520124326966116,1.5271868107227062,0.43048467468094276
1200.0,charmm-gui-6586474763_gromacs_replicate_3,65.41077839789656,2.8657755444930983,0.8638044011636692,3.1819105644613757,0.7612737403172122
1300.0,charmm-gui-6586474763_gromacs_replicate_3,57.353608316094295,1.5688522920865724,0.6107383013678714,2.287247240340127,0.6963449302248148
1400.0,charmm-gui-6586474763_gromacs_replicate_3,48.022783513837965,3.0309888689458795,0.7030959292430744,3.817924967816185,0.888403502839783
1500.0,charmm-gui-6586474763_gromacs_replicate_3,53.77072930890823,0.00074043849870601,0.0003319550329595297,1.5962641569234834,0.5356995810105794
1600.0,charmm-gui-6586474763_gromacs_replicate_3,57.18972711570163,3.244599826057639,0.5202470793024632,3.8446572832299766,0.8932173277701149
1700.0,charmm-gui-6586474763_gromacs_replicate_3,57.737929431160936,3.4617804921051865,0.5141061289630399,3.9822309993051164,0.892941762468454
1800.0,charmm-gui-6586474763_gromacs_replicate_3,57.93310295670183,3.008716416063252,0.5369681987947654,3.2877950539517853,0.8324535120288578
1900.0,charmm-gui-6586474763_gromacs_replicate_3,62.992790852439896,3.1747392117632676,0.5061812965280649,1.542106604832931,0.5047952888578359
2000.0,charmm-gui-6586474763_gromacs_replicate_3,52.0747010559742,3.2732822024887045,0.5439502726564961,2.8733304487856226,0.7359568370658004
2100.0,charmm-gui-6586474763_gromacs_replicate_3,59.664121396737855,3.2842886378487135,0.520746267341662,2.1086164759110266,0.5602648724640173
2200.0,charmm-gui-6586474763_gromacs_replicate_3,65.5653083567363,3.18147541766651,0.753555093775724,2.192297443350564,0.7089070557336629
2300.0,charmm-gui-6586474763_gromacs_replicate_3,73.03618012824128,3.033041634456133,0.7200633816263867,3.361158792300706,0.8326097333595837
2400.0,charmm-gui-6586474763_gromacs_replicate_3,50.15668529810321,3.2421648257154607,0.4967416614039009,3.3671647237064977,0.8102081607123262
2500.0,charmm-gui-6586474763_gromacs_replicate_3,46.73966072688819,0.6309535249831564,0.32239750201377315,4.008113981010764,0.817771756899609
2600.0,charmm-gui-6586474763_gromacs_replicate_3,46.1316814391528,2.995550301870174,0.6041904347663305,1.4362148785626685,0.38616939856109306
2700.0,charmm-gui-6586474763_gromacs_replicate_3,49.75041420116182,3.1151450479427645,0.695862320338455,2.815314624445065,0.7557320475580231
2800.0,charmm-gui-6586474763_gromacs_replicate_3,56.14592683430399,3.2394336213120463,0.5535812758620525,4.237515019162442,0.7904685837680634
2900.0,charmm-gui-6586474763_gromacs_replicate_3,54.387116490920434,3.1510788799771534,0.7193625883640006,3.4565270920548783,0.8567537005344824
3000.0,charmm-gui-6586474763_gromacs_replicate_3,57.63745420588202,3.278302426723852,0.5670114704630619,4.093287965268381,0.883565658117387
3100.0,charmm-gui-6586474763_gromacs_replicate_3,60.927739320540795,3.102532440213425,0.893874963780522,0.49765407294063757,0.19346292034969842
3200.0,charmm-gui-6586474763_gromacs_replicate_3,54.54516134024247,3.0681815713345064,0.5966518663549908,4.2881433298377685,0.833188217436561
3300.0,charmm-gui-6586474763_gromacs_replicate_3,68.56629332925645,2.538075727155475,0.8225294323244606,3.973164979267686,0.8833946926784851
3400.0,charmm-gui-6586474763_gromacs_replicate_3,62.226096706141185,3.2893129564766928,0.7113172813666827,1.4195297132253666,0.42943739611693027
3500.0,charmm-gui-6586474763_gromacs_replicate_3,56.6428159198138,3.2911846341569535,0.6708497469088178,3.5760586088958646,0.8503847188920022
3600.0,charmm-gui-6586474763_gromacs_replicate_3,56.11521890197835,3.4839810917875087,0.6015939841320511,2.851365287902378,0.7928946386667952
3700.0,charmm-gui-6586474763_gromacs_replicate_3,50.85198704147393,1.6365813947672456,0.6057107842623028,0.7739836002788885,0.2867854730673687
3800.0,charmm-gui-6586474763_gromacs_replicate_3,54.07125754245416,2.9128551207189823,0.8890584553897678,4.057963528618536,0.8590715460623122
3900.0,charmm-gui-6586474763_gromacs_replicate_3,47.51816809685661,2.8751438912208886,0.880980207826738,3.4217650231797987,0.856438810593239
4000.0,charmm-gui-6586474763_gromacs_replicate_3,54.709423613435305,3.2628251132880255,0.6998028112156363,1.690417055061748,0.4664062164865511
4100.0,charmm-gui-6586474763_gromacs_replicate_3,52.0110051390198,3.508738824750224,0.4966116963890965,3.119604520533199,0.8595820767569793
4200.0,charmm-gui-6586474763_gromacs_replicate_3,56.550940050157074,3.2889451569601924,0.5232889254454316,2.6892020166231325,0.8354196926178636
4300.0,charmm-gui-6586474763_gromacs_replicate_3,63.42610398321012,3.2416744532326938,0.6800109249156296,3.5378048263745017,0.8803715277971416
4400.0,charmm-gui-6586474763_gromacs_replicate_3,60.29536495049004,3.3639139073902364,0.5092521144078622,3.5264305016718724,0.7936564349152784
4500.0,charmm-gui-6586474763_gromacs_replicate_3,63.142414095828855,3.2423624167611327,0.8092146426794793,2.5017844294320453,0.6771107498314703
4600.0,charmm-gui-6586474763_gromacs_replicate_3,46.474907505537374,2.7923259186809637,0.7825002119598268,4.2790665800615955,0.7805431018776934
4700.0,charmm-gui-6586474763_gromacs_replicate_3,57.1701438288887,3.126133130197984,0.7907349916288697,3.5221979786375925,0.8644785449684854
4800.0,charmm-gui-6586474763_gromacs_replicate_3,55.19813594714795,3.4099203881748172,0.5193881947107751,2.7625721897164914,0.7143466160896362
4900.0,charmm-gui-6586474763_gromacs_replicate_3,56.79208383598103,3.456333804568847,0.6211412075218607,2.986700379865662,0.7818351749632209
5000.0,charmm-gui-6586474763_gromacs_replicate_3,63.36985149116139,3.1288882642005027,0.8464363750170207,3.019111480836792,0.7632306081652426
5100.0,charmm-gui-6586474763_gromacs_replicate_3,54.586979016979726,3.277406083159531,0.48646308072610145,3.5189752910791485,0.8187778125437405
5200.0,charmm-gui-6586474763_gromacs_replicate_3,63.297532007442555,3.416589010426551,0.5047442444043179,2.724377555570651,0.781136547062853
5300.0,charmm-gui-6586474763_gromacs_replicate_3,67.51494441408332,3.191077401481157,0.686872815167373,2.0775945211744427,0.6120261950523878
5400.0,charmm-gui-6586474763_gromacs_replicate_3,60.73157479276496,3.446551979923083,0.6204997602687856,3.9214267972855543,0.8879156772367462
5500.0,charmm-gui-6586474763_gromacs_replicate_3,59.05897540391091,3.1236686479707907,0.5373405357873811,3.2594697454517587,0.7839642697505618
5600.0,charmm-gui-6586474763_gromacs_replicate_3,54.128982236932345,3.4407392388088294,0.50909866029415,2.389229207547277,0.6545229453926333
5700.0,charmm-gui-6586474763_gromacs_replicate_3,53.62938442336247,3.084675318035665,0.7224559017959116,2.7333984182090587,0.7831712959328092
5800.0,charmm-gui-6586474763_gromacs_replicate_3,69.12989072958501,3.5093395144544455,0.5277590158322326,2.1346254778702543,0.7557514758225373
5900.0,charmm-gui-6586474763_gromacs_replicate_3,55.12318135337895,3.10973019950131,0.7637798606816649,3.6448946558916555,0.8715719112791627
6000.0,charmm-gui-6586474763_gromacs_replicate_3,59.30189374267016,3.1366754123400744,0.6350014527284671,3.425359243523459,0.8138778422358535
6100.0,charmm-gui-6586474763_gromacs_replicate_3,58.51749070707682,3.1033361243216824,0.8925217793315048,3.4090088637928497,0.7786719685745517
6200.0,charmm-gui-6586474763_gromacs_replicate_3,54.54341305010419,3.332846118316124,0.6824151342390273,1.4648249473560482,0.5582062711409757
6300.0,charmm-gui-6586474763_gromacs_replicate_3,51.88482302889842,3.1521635072120526,0.503612573565608,3.7491680270158674,0.8797127827385046
6400.0,charmm-gui-6586474763_gromacs_replicate_3,54.897505122665,3.1681017444252952,0.5358766965871741,2.395831234409505,0.6447608121764529
6500.0,charmm-gui-6586474763_gromacs_replicate_3,43.87487433362312,3.1700891277124708,0.4945473749247064,1.2138675358371052,0.36216944373299054
6600.0,charmm-gui-6586474763_gromacs_replicate_3,56.05881682444708,3.157656508669594,0.6433104305385473,3.354320067025233,0.8128892888173813
6700.0,charmm-gui-6586474763_gromacs_replicate_3,53.20219344816111,3.2874908440399135,0.7272693730457823,3.6575317533531115,0.8646604290960173
6800.0,charmm-gui-6586474763_gromacs_replicate_3,54.221779747571034,3.2989937298640473,0.7588736979988064,1.475383467681403,0.4450310654699516
6900.0,charmm-gui-6586474763_gromacs_replicate_3,63.93874679489721,3.494714248811057,0.5801814252827877,2.9556648137860626,0.7330336698979468
7000.0,charmm-gui-6586474763_gromacs_replicate_3,42.95902821339877,3.317595029068986,0.6966126893724472,2.692387072412464,0.7266732252895836
7100.0,charmm-gui-6586474763_gromacs_replicate_3,49.848911050332376,2.7570450961521806,0.7763511069293143,2.836693888173757,0.7218255745511439
7200.0,charmm-gui-6586474763_gromacs_replicate_3,55.44394645322717,3.3750662011998207,0.6663528209901203,4.12064671326804,0.8655867196952798
7300.0,charmm-gui-6586474763_gromacs_replicate_3,63.27049404745049,3.157464539884687,0.7829320277994358,2.797416656992605,0.7343231635875827
7400.0,charmm-gui-6586474763_gromacs_replicate_3,66.88128647237508,2.4375441887276454,0.7020317535056301,3.1119060159537106,0.8145243009651126
7500.0,charmm-gui-6586474763_gromacs_replicate_3,53.43275440762172,3.672901369505206,0.635876804202302,2.9278709479863405,0.7776603469260729
7600.0,charmm-gui-6586474763_gromacs_replicate_3,59.72917846457992,3.213304073423112,0.5068993923659024,1.9828141859884199,0.5335070890812335
7700.0,charmm-gui-6586474763_gromacs_replicate_3,63.97319586208576,3.6726503050459454,0.5931895262871295,2.0423062994188466,0.5773389404843773
7800.0,charmm-gui-6586474763_gromacs_replicate_3,63.34688497112744,3.7274707826943736,0.6032673421900031,1.2858562791723607,0.3974335356591318
7900.0,charmm-gui-6586474763_gromacs_replicate_3,64.96532770119204,3.7155650423667312,0.6911669440435987,3.541745766736845,0.8594978019438154
8000.0,charmm-gui-6586474763_gromacs_replicate_3,53.669861443729936,1.7051302202174492,0.7189566863629514,1.687537802199658,0.4327880586276919
8100.0,charmm-gui-6586474763_gromacs_replicate_3,58.08447974400054,3.0490257734749124,0.8892235252718431,1.6862697458283935,0.5204320761494662
8200.0,charmm-gui-6586474763_gromacs_replicate_3,52.293819964811995,3.708684319798362,0.6232656712753134,2.8458038480545573,0.7804404502687923
8300.0,charmm-gui-6586474763_gromacs_replicate_3,59.12110960255093,3.7210551947648294,0.5600742450086583,1.199779962652793,0.4915333839335617
8400.0,charmm-gui-6586474763_gromacs_replicate_3,61.39781278888656,3.4999846174148352,0.7984554714975598,3.1519535825825447,0.7748100132948147
8500.0,charmm-gui-6586474763_gromacs_replicate_3,59.99303569080793,3.2236799155608606,0.864134703334258,1.5035772269083443,0.42926642417758337
8600.0,charmm-gui-6586474763_gromacs_replicate_3,57.19255920312617,3.874926064646809,0.6689938323721156,3.137611532040187,0.8261329796956355
8700.0,charmm-gui-6586474763_gromacs_replicate_3,58.198063993408255,2.28606738064784,0.8049468043284475,3.234462768245362,0.8214577549457434
8800.0,charmm-gui-6586474763_gromacs_replicate_3,69.47468885356835,3.155449718855191,0.8913219506708501,0.7351654421300498,0.2539131370279501
8900.0,charmm-gui-6586474763_gromacs_replicate_3,61.97396948446617,3.851195768060945,0.6563581928819247,3.4492457516344324,0.8444723639313392
9000.0,charmm-gui-6586474763_gromacs_replicate_3,59.79293581838445,3.232000634969265,0.8060904706451363,2.620137778231967,0.7526341654785308
9100.0,charmm-gui-6586474763_gromacs_replicate_3,53.97451676920009,3.4142430842934806,0.6578892119947323,1.461857161131054,0.5161926302075279
9200.0,charmm-gui-6586474763_gromacs_replicate_3,63.549382494886544,4.109960453454388,0.6611912617868971,0.7637201976933324,0.30020500816297624
9300.0,charmm-gui-6586474763_gromacs_replicate_3,55.6485954566199,3.4660335650999783,0.5881946298546902,1.0480795479860547,0.3827124806367216
9400.0,charmm-gui-6586474763_gromacs_replicate_3,48.75845796697243,2.939485213494198,0.7765409064242694,3.792596410576779,0.889407017191627
9500.0,charmm-gui-6586474763_gromacs_replicate_3,63.079858525510176,3.4525070321727735,0.756392487424788,1.3956236936715782,0.39775582342250587
9600.0,charmm-gui-6586474763_gromacs_replicate_3,70.10874275774034,3.4362301111588214,0.5189447173788359,0.8982225387153575,0.29892350326275896
9700.0,charmm-gui-6586474763_gromacs_replicate_3,58.73394406683855,2.4212844452370836,0.7035011005172065,3.913383157440899,0.893832264008439
9800.0,charmm-gui-6586474763_gromacs_replicate_3,68.3575928502347,3.123784748162914,0.892231180367515,0.5697409196084151,0.20432127300730737
9900.0,charmm-gui-6586474763_gromacs_replicate_3,56.27136269955989,2.5976081336784755,0.7331809153521849,1.162176362707449,0.42838402582563456
10000.0,charmm-gui-6586474763_gromacs_replicate_3,49.07362679771634,1.979749164030093,0.6183516471279454,2.3045913035584142,0.7320612168784398
10100.0,charmm-gui-6586474763_gromacs_replicate_3,65.94170509162096,3.595703451679512,0.8163612497155481,2.2100876576090065,0.7272114181073662
10200.0,charmm-gui-6586474763_gromacs_replicate_3,58.45548743805652,3.513548366405853,0.8054280554508849,2.6148950184935824,0.7365986240376728
10300.0,charmm-gui-6586474763_gromacs_replicate_3,59.68477013290335,3.4578104158683747,0.8512064663763775,0.6781439499114839,0.24008900250106543
10400.0,charmm-gui-6586474763_gromacs_replicate_3,68.3826701153543,4.056224053872965,0.6659241171959271,1.2807187993328113,0.4626736370273962
10500.0,charmm-gui-6586474763_gromacs_replicate_3,65.81125915253597,2.8516208546938593,0.7476643369857819,2.9342668162588463,0.7827744751883481
10600.0,charmm-gui-6586474763_gromacs_replicate_3,57.84572009846947,3.8243805848125882,0.6686000750917224,3.53661521074893,0.845021549303091
10700.0,charmm-gui-6586474763_gromacs_replicate_3,59.807330745476946,3.514256490616943,0.6632874819079833,0.552210852280805,0.20592809198069895
10800.0,charmm-gui-6586474763_gromacs_replicate_3,57.599303806816785,3.751204169974882,0.6204177398718906,1.2420842169169894,0.456820992835906
10900.0,charmm-gui-6586474763_gromacs_replicate_3,52.58793488836991,3.38832088996266,0.6668531737653514,2.125913377720247,0.5699443036518002
11000.0,charmm-gui-6586474763_gromacs_replicate_3,61.814504307464674,3.9087045744773343,0.6664832195564652,2.3730241379090247,0.6497963187361265
11100.0,charmm-gui-6586474763_gromacs_replicate_3,52.05656724695497,3.523370753693369,0.6112358687314969,2.7740390317997705,0.7017092783173
11200.0,charmm-gui-6586474763_gromacs_replicate_3,55.12029231686357,3.2357802124837733,0.7784575117494452,0.39070670141685143,0.14691762795199184
11300.0,charmm-gui-6586474763_gromacs_replicate_3,47.93959481564124,2.7303614575735993,0.8398270729742103,2.686822237352748,0.733022268054497
11400.0,charmm-gui-6586474763_gromacs_replicate_3,72.38579351541559,3.560862816421018,0.6549064397053381,2.6210519406218373,0.6715306114601017
11500.0,charmm-gui-6586474763_gromacs_replicate_3,62.651181732380465,3.463115942815215,0.6867156818092475,1.3071708848379215,0.43029187674281605
11600.0,charmm-gui-6586474763_gromacs_replicate_3,54.536637542822746,3.628783901476346,0.6321769109217439,3.2589261851243094,0.7834883078807099
11700.0,charmm-gui-6586474763_gromacs_replicate_3,57.18279888867433,2.8193989134060207,0.7421678668286368,1.6813772753564533,0.548098872678122
11800.0,charmm-gui-6586474763_gromacs_replicate_3,69.88927871785998,3.8128954171001235,0.5886658425602556,2.5612500174753987,0.6575714078814974
11900.0,charmm-gui-6586474763_gromacs_replicate_3,58.31617227985444,3.5559394670975117,0.5563704630392166,3.8508312048262736,0.8918634363924876
12000.0,charmm-gui-6586474763_gromacs_replicate_3,51.46473466444893,3.2457253770530152,0.723610237823215,4.366953239470961,0.8237520813787329
12100.0,charmm-gui-6586474763_gromacs_replicate_3,51.5697969660589,3.4137066223935486,0.5822414437691339,1.3155957453782714,0.523602854025429
12200.0,charmm-gui-6586474763_gromacs_replicate_3,57.35843870930583,3.8167177852265257,0.6753392680223782,0.8113022180185198,0.27294064921648176
12300.0,charmm-gui-6586474763_gromacs_replicate_3,54.78945693565875,3.207691042808732,0.49824300951212236,1.7202577849479455,0.4536250198572117
12400.0,charmm-gui-6586474763_gromacs_replicate_3,63.494730285154915,3.6444504945801453,0.5085537872174005,1.5733951735314602,0.5180871210877932
12500.0,charmm-gui-6586474763_gromacs_replicate_3,49.62530367575279,3.1901658168501683,0.6753444673252281,3.3341307276539034,0.875463157222272
12600.0,charmm-gui-6586474763_gromacs_replicate_3,53.639283011608455,3.7891070308090535,0.666390236195751,1.6323980312538293,0.5213507572709232
12700.0,charmm-gui-6586474763_gromacs_replicate_3,51.59623693775268,3.530385390436683,0.5581643105978694,1.2187934532711413,0.3634620644678118
12800.0,charmm-gui-6586474763_gromacs_replicate_3,60.47438786348254,2.538276119428929,0.8466561898671154,1.9811892955049335,0.6941192925735113
12900.0,charmm-gui-6586474763_gromacs_replicate_3,64.38152992537435,3.7858499096517417,0.6688351395609435,1.0235722489961265,0.4116057124737949
13000.0,charmm-gui-6586474763_gromacs_replicate_3,66.93713399117304,3.8036828193361543,0.728520654499051,2.22950522824979,0.6171829317980719
13100.0,charmm-gui-6586474763_gromacs_replicate_3,52.03426622595305,3.284545251004799,0.5205751817163183,1.1647284239090885,0.3688299788399382
13200.0,charmm-gui-6586474763_gromacs_replicate_3,54.60133377496237,3.6065801380304965,0.5207935712849392,4.0291830091151875,0.8238353740456776
13300.0,charmm-gui-6586474763_gromacs_replicate_3,55.94254088689166,3.7272294626560454,0.6213084689443329,3.1433776002545484,0.8492700642572646
13400.0,charmm-gui-6586474763_gromacs_replicate_3,65.68784309381982,3.6533199501724867,0.6070858408953335,2.8702066035147578,0.7782365220287417
13500.0,charmm-gui-6586474763_gromacs_replicate_3,58.90829632567108,3.5815258464932866,0.6241815355107874,4.409941381104944,0.7974071782938179
13600.0,charmm-gui-6586474763_gromacs_replicate_3,58.896826134439394,3.101794059226685,0.8339143875292669,1.5038394077568928,0.4372887733971216
13700.0,charmm-gui-6586474763_gromacs_replicate_3,59.7746694459802,3.9072220118946888,0.6571033781617195,0.8606460844917353,0.3009760682898247
13800.0,charmm-gui-6586474763_gromacs_replicate_3,56.40756670075104,3.5558526970174777,0.6689411904148528,0.6360124626738298,0.21700633331756938
13900.0,charmm-gui-6586474763_gromacs_replicate_3,64.10378288701321,3.3457099787397206,0.575621039084987,0.9466838341279668,0.4099627803033007
14000.0,charmm-gui-6586474763_gromacs_replicate_3,56.89543221979419,3.900034100476855,0.6356941161489569,4.245881670358291,0.8472424206662238
14100.0,charmm-gui-6586474763_gromacs_replicate_3,67.97092744531585,3.919319288250829,0.6489257927756474,1.8034336173094319,0.5163642114621189
14200.0,charmm-gui-6586474763_gromacs_replicate_3,53.479117957744734,3.4611238145885412,0.5829758733811526,4.355297047571319,0.7924150197511624
14300.0,charmm-gui-6586474763_gromacs_replicate_3,58.13445974055088,3.0591302899039956,0.8936638973794413,1.0392442967475817,0.3235562755465852
14400.0,charmm-gui-6586474763_gromacs_replicate_3,49.23570526754554,3.559164277245638,0.6232358395765951,1.7393818633931375,0.44636830249119447
14500.0,charmm-gui-6586474763_gromacs_replicate_3,50.88779267819919,3.891734573731852,0.7071297445448784,2.2506072210537797,0.5826752840413599
14600.0,charmm-gui-6586474763_gromacs_replicate_3,55.73187227935148,3.379879923853213,0.5803755154428727,2.4762761500434305,0.7422636046571036
14700.0,charmm-gui-6586474763_gromacs_replicate_3,54.72702785447403,3.349521741056529,0.6396265843795675,1.412899637375121,0.45768884568549006
14800.0,charmm-gui-6586474763_gromacs_replicate_3,69.45612476286874,3.6560761051483617,0.5567240038858836,3.030015850351332,0.8582820928550428
14900.0,charmm-gui-6586474763_gromacs_replicate_3,51.27124928324,3.8949677914457834,0.7368183786353685,3.541115731865706,0.8867183923881019
15000.0,charmm-gui-6586474763_gromacs_replicate_3,56.87421769287104,3.6592159350591205,0.56456086510328,4.192641504876933,0.8794016627359765
15100.0,charmm-gui-6586474763_gromacs_replicate_3,61.16013996710264,3.398153310497804,0.492629705920693,3.3547056567086653,0.8797518985004376
15200.0,charmm-gui-6586474763_gromacs_replicate_3,58.81157384861975,3.352847842506804,0.619189267123447,1.201682361886058,0.39403210078666034
15300.0,charmm-gui-6586474763_gromacs_replicate_3,55.907495459931745,3.4944197876304495,0.5858665823969738,2.8408397213164056,0.7392983354047997
15400.0,charmm-gui-6586474763_gromacs_replicate_3,43.07744981933335,3.573510909368439,0.5752139783586282,3.9607147359844666,0.8868855614785198
15500.0,charmm-gui-6586474763_gromacs_replicate_3,60.82638821021887,3.630149339475067,0.711819879629189,1.8658105029222636,0.5758029222258366
15600.0,charmm-gui-6586474763_gromacs_replicate_3,58.035342081111054,2.500313236188939,0.8218565944227075,1.2130732096245695,0.38231333518191113
15700.0,charmm-gui-6586474763_gromacs_replicate_3,72.34832488476499,2.380243191043874,0.814777072211839,3.3465778478935952,0.8757314145745232
15800.0,charmm-gui-6586474763_gromacs_replicate_3,53.34662294986296,3.2200621009202353,0.6261910498108642,2.7199794109617983,0.7699128408382264
15900.0,charmm-gui-6586474763_gromacs_replicate_3,54.8376780183586,2.8048824340916942,0.8518926772377033,2.625048370440548,0.757898565389486
16000.0,charmm-gui-6586474763_gromacs_replicate_3,62.411778556339954,3.3077062390211918,0.5154927988691482,2.696199262720449,0.773442274709565
16100.0,charmm-gui-6586474763_gromacs_replicate_3,52.41974426522903,3.2949203671260103,0.8519601867341386,1.878429388502154,0.5180227207266733
16200.0,charmm-gui-6586474763_gromacs_replicate_3,51.81421870505778,3.5604709980390865,0.5599310114260523,3.3565020681076594,0.8049455139336612
16300.0,charmm-gui-6586474763_gromacs_replicate_3,56.806605245814836,3.5478369665479095,0.7751165764217002,1.908325656320565,0.5304842721075438
16400.0,charmm-gui-6586474763_gromacs_replicate_3,60.065238088757056,4.146054633277107,0.6522522850193481,1.7904077478938492,0.5452712481087338
16500.0,charmm-gui-6586474763_gromacs_replicate_3,59.00307186397134,3.221298538969655,0.8666727328711459,4.177287965976093,0.8007812291313481
16600.0,charmm-gui-6586474763_gromacs_replicate_3,56.17160427138833,3.379224714343697,0.8388574364055204,0.8035415346831865,0.2775880422943869
16700.0,charmm-gui-6586474763_gromacs_replicate_3,55.50294120643064,3.8835295565091,0.679414588648794,1.6171636864369705,0.5180712564379222
16800.0,charmm-gui-6586474763_gromacs_replicate_3,54.17715512603998,3.5281276999446987,0.5501767276530486,1.4224840150542974,0.3890066499032672
16900.0,charmm-gui-6586474763_gromacs_replicate_3,45.93987291536907,3.1258082803660936,0.8212155260180778,2.8525832228368446,0.8159944059796009
17000.0,charmm-gui-6586474763_gromacs_replicate_3,53.94288696283272,3.466020487502179,0.7013783763027264,2.9596081705373756,0.8704501095547511
17100.0,charmm-gui-6586474763_gromacs_replicate_3,49.94241986126075,3.7129851730048813,0.6309178227121426,2.7196613415982887,0.7004403085513747
17200.0,charmm-gui-6586474763_gromacs_replicate_3,61.4666180925501,3.5863199611409584,0.6443191068226498,3.7645388602406613,0.8906208279294342
17300.0,charmm-gui-6586474763_gromacs_replicate_3,67.0794733073658,3.3132409788337283,0.8711918575843979,2.9731760507932643,0.8047942244491146
17400.0,charmm-gui-6586474763_gromacs_replicate_3,51.447871685224534,3.635802870728931,0.5946495585385368,3.9324299810141077,0.8903474995446151
17500.0,charmm-gui-6586474763_gromacs_replicate_3,55.8305218707253,3.5584902702096377,0.6781790149565181,4.254589313041708,0.8348237403854617
17600.0,charmm-gui-6586474763_gromacs_replicate_3,60.69900765848897,3.7304377038440544,0.6110552485262473,3.364895835070917,0.8923355774678906
17700.0,charmm-gui-6586474763_gromacs_replicate_3,56.00344011020766,3.445935271335995,0.7802761477042055,1.3892826086534664,0.4399747347564678
17800.0,charmm-gui-6586474763_gromacs_replicate_3,53.78571916075944,3.4049964725810415,0.595710997048499,3.729876728343567,0.8790058298889369
17900.0,charmm-gui-6586474763_gromacs_replicate_3,59.6429300553025,3.9606549785232885,0.6348018847124574,2.4226787165802937,0.6731231944729702
18000.0,charmm-gui-6586474763_gromacs_replicate_3,53.92700602656463,3.6523669497868885,0.5770285051023941,4.25361617073482,0.8207667882460087
18100.0,charmm-gui-6586474763_gromacs_replicate_3,56.094972603700604,3.5395423484966,0.5094014069524366,0.7806967638557734,0.3161482623468903
18200.0,charmm-gui-6586474763_gromacs_replicate_3,48.22046150231458,3.571661896904227,0.6028924749219233,3.901659817857246,0.8941469857607954
18300.0,charmm-gui-6586474763_gromacs_replicate_3,79.94841438261997,3.250778089319932,0.8941132460470468,2.563647615247154,0.6567738877593055
18400.0,charmm-gui-6586474763_gromacs_replicate_3,61.86670852764874,3.245569413760683,0.4924484210543769,1.6652880229348543,0.5780485011913232
18500.0,charmm-gui-6586474763_gromacs_replicate_3,62.01884172293436,3.517046077363492,0.7831612039585567,2.4084465285013557,0.6703457891926258
18600.0,charmm-gui-6586474763_gromacs_replicate_3,66.79865871139624,3.2502177168846957,0.8347412214329197,0.4267514812928758,0.18221890767422558
18700.0,charmm-gui-6586474763_gromacs_replicate_3,63.232711575535376,3.0249303192772605,0.8938778899127394,1.6338312346477053,0.4385886456335742
18800.0,charmm-gui-6586474763_gromacs_replicate_3,66.33470035046813,2.8355380435824253,0.8539723486664403,1.8432810097665486,0.5668768396111586
18900.0,charmm-gui-6586474763_gromacs_replicate_3,61.384434963981036,3.2252805114536316,0.8109308806460277,3.4916391242167566,0.8760484076924648
19000.0,charmm-gui-6586474763_gromacs_replicate_3,63.802919494919,3.7121583762988686,0.619209254203813,1.2863543168573097,0.3864076165729394
19100.0,charmm-gui-6586474763_gromacs_replicate_3,51.74143220567966,3.5100391926917736,0.5115793192535846,3.688604899070626,0.8891211878764018
19200.0,charmm-gui-6586474763_gromacs_replicate_3,53.77746895948559,3.6990201403717604,0.6481626303495345,4.214633582586904,0.7316122957060667
19300.0,charmm-gui-6586474763_gromacs_replicate_3,55.37491691239031,3.658848562981671,0.6281412630640127,3.131756976813914,0.8614254788204334
19400.0,charmm-gui-6586474763_gromacs_replicate_3,59.3323871847645,3.828801236889852,0.6593388405702956,2.1828259328172512,0.6196509711035457
19500.0,charmm-gui-6586474763_gromacs_replicate_3,54.21030387044918,3.174343295721993,0.88756923846034,2.8576468202752587,0.8193575153796511
19600.0,charmm-gui-6586474763_gromacs_replicate_3,60.474658673275144,2.444172317190672,0.8156375867221103,4.046465885976033,0.8527955934372622
19700.0,charmm-gui-6586474763_gromacs_replicate_3,54.282141868946525,3.2971790635783407,0.8514911310784202,1.2618540130417275,0.4047591973233891
19800.0,charmm-gui-6586474763_gromacs_replicate_3,61.09330558758079,3.5566855164271534,0.5004730208861871,3.0838317614509987,0.7874157039934603
19900.0,charmm-gui-6586474763_gromacs_replicate_3,53.44323933058933,3.2072451563234323,0.7811294658284388,1.6307355126142549,0.506276000445737
20000.0,charmm-gui-6586474763_gromacs_replicate_3,53.86627484603274,3.155707242239247,0.8235901154671,4.429853116218779,0.8183767583780571
20100.0,charmm-gui-6586474763_gromacs_replicate_3,53.427966414737924,2.9565934850694844,0.8890731400409512,3.1897343949986725,0.8354109200629869
20200.0,charmm-gui-6586474763_gromacs_replicate_3,50.94475451611045,3.613044702803488,0.7681766052871111,2.1343656644684565,0.6358638595218825
20300.0,charmm-gui-6586474763_gromacs_replicate_3,53.870892200340826,3.222501857214371,0.7778055903119185,4.436057000076536,0.7399035206404075
20400.0,charmm-gui-6586474763_gromacs_replicate_3,43.14603420819231,3.4296177036606457,0.6405829367231852,1.8715356546294157,0.5177245011685395
20500.0,charmm-gui-6586474763_gromacs_replicate_3,50.83085083551016,3.3398952152794408,0.663284300251622,1.8343550674148013,0.5839901623463595
20600.0,charmm-gui-6586474763_gromacs_replicate_3,54.794652315224496,3.4484530299593885,0.607269864889578,0.45832120799175413,0.15684412336942558
20700.0,charmm-gui-6586474763_gromacs_replicate_3,63.226281625452984,3.8123779120453696,0.6507930177507233,2.8720237471429724,0.7360692254323842
20800.0,charmm-gui-6586474763_gromacs_replicate_3,55.11088351134207,3.605505748280332,0.8641071271290394,1.3840701821663006,0.396530881499829
20900.0,charmm-gui-6586474763_gromacs_replicate_3,43.812621163671,3.2196779314222805,0.7596929646049887,4.251695090150715,0.8193120361794292
21000.0,charmm-gui-6586474763_gromacs_replicate_3,50.970789337375734,3.6190589881614796,0.5630594301485029,3.1183457460809043,0.7930093123318763
21100.0,charmm-gui-6586474763_gromacs_replicate_3,54.40937324442425,3.2973998208985438,0.7799094446447111,2.205984309324392,0.6669928777597801
21200.0,charmm-gui-6586474763_gromacs_replicate_3,70.9677979229201,3.4077770651439447,0.838567147223398,1.9184955198105804,0.565850956069745
21300.0,charmm-gui-6586474763_gromacs_replicate_3,56.91408193113834,3.4730374182600725,0.6879412388315593,2.1180485033806664,0.5945443274302838
21400.0,charmm-gui-6586474763_gromacs_replicate_3,54.409528629325095,3.4071422596148313,0.6396760307931567,1.4710941576537777,0.4681509189997541
21500.0,charmm-gui-6586474763_gromacs_replicate_3,55.381482165384384,3.4205839143118233,0.622223029236731,1.3564810958160785,0.5067009738102142
21600.0,charmm-gui-6586474763_gromacs_replicate_3,65.73075705056392,2.0077145788240167,0.7758151517470397,1.130205025034879,0.3319743793914484
21700.0,charmm-gui-6586474763_gromacs_replicate_3,61.97604699326724,3.1018899649542986,0.8820184633618472,1.9523820661709528,0.6910686656684992
21800.0,charmm-gui-6586474763_gromacs_replicate_3,55.23794058975313,3.6650795140332413,0.5729334560234113,1.8032036995749752,0.6626961865810173
21900.0,charmm-gui-6586474763_gromacs_replicate_3,62.66275604322493,3.3183536167988468,0.6912817563417336,0.30387945017552687,0.12804833272065422
22000.0,charmm-gui-6586474763_gromacs_replicate_3,56.31056047997217,3.5949952757568036,0.6132198717135099,2.5000795259012043,0.6644093846397086
22100.0,charmm-gui-6586474763_gromacs_replicate_3,54.522963199768526,3.655074025280655,0.5436126528012226,2.4117632455400164,0.7878647881896713
22200.0,charmm-gui-6586474763_gromacs_replicate_3,53.53060092391449,3.413667324556418,0.7947682413065229,1.1486297978329747,0.3248554597446957
22300.0,charmm-gui-6586474763_gromacs_replicate_3,53.74406982120708,3.3915339307379186,0.62227126198288,3.440026115996394,0.8907629058634547
22400.0,charmm-gui-6586474763_gromacs_replicate_3,58.180188644172475,3.5479421996505778,0.686053567932748,2.7537972268156086,0.779986823581756
22500.0,charmm-gui-6586474763_gromacs_replicate_3,50.725087557064995,3.9035890787320286,0.6514016812728101,0.9339609892401747,0.307713254997113
22600.0,charmm-gui-6586474763_gromacs_replicate_3,55.09407403832977,3.361112510360132,0.8004647681820667,2.0950169323927414,0.6699805259282726
22700.0,charmm-gui-6586474763_gromacs_replicate_3,67.45725702002818,3.8939079913905497,0.7275608494877381,2.1486582812438644,0.5550943149671701
22800.0,charmm-gui-6586474763_gromacs_replicate_3,64.76130397206401,3.515411110904978,0.5575875877541733,4.28560675432122,0.8215191159988964
22900.0,charmm-gui-6586474763_gromacs_replicate_3,58.57881260454525,3.4024757072490845,0.7829853536760609,0.33068259275124623,0.1443249691486815
23000.0,charmm-gui-6586474763_gromacs_replicate_3,64.2617417400236,3.0208212404456027,0.8879809515778491,0.7726956623404215,0.2593231161377399
23100.0,charmm-gui-6586474763_gromacs_replicate_3,80.07914929923938,4.039988865275502,0.8184885817771723,3.2123701731829435,0.8500881827220222
23200.0,charmm-gui-6586474763_gromacs_replicate_3,56.02426002235876,3.4500618757335513,0.8081395138483728,3.2448338260165484,0.8283643792534028
23300.0,charmm-gui-6586474763_gromacs_replicate_3,69.51538303321209,3.9249330992384923,0.6685691870894738,0.7392960204067762,0.25097836468879897
23400.0,charmm-gui-6586474763_gromacs_replicate_3,61.31231549185817,3.89131340646308,0.6391410793331654,4.130243487792605,0.812650466926942
23500.0,charmm-gui-6586474763_gromacs_replicate_3,55.70700372409313,3.1288400046874636,0.8744806571202074,2.338692233455888,0.6174195915133913
23600.0,charmm-gui-6586474763_gromacs_replicate_3,64.9605331796823,3.428196311401802,0.7378059005783458,1.4659507858411933,0.43740459789997543
23700.0,charmm-gui-6586474763_gromacs_replicate_3,74.22659417136535,3.1717983278837085,0.8889242790252738,1.306746854004034,0.3810611788660914
23800.0,charmm-gui-6586474763_gromacs_replicate_3,58.336605391503504,3.317572419558157,0.8714531124531218,3.210629178459772,0.7819134562954002
23900.0,charmm-gui-6586474763_gromacs_replicate_3,72.6022813833017,3.456045331804151,0.8929194626125155,2.032483165504272,0.6647159671891717
24000.0,charmm-gui-6586474763_gromacs_replicate_3,65.52653138571017,3.713098549086178,0.6841134287489813,1.9336610499702165,0.5867450762250483
24100.0,charmm-gui-6586474763_gromacs_replicate_3,61.33170841108859,3.181748637376438,0.882241232943025,1.3945918695485633,0.45410916337601054
24200.0,charmm-gui-6586474763_gromacs_replicate_3,65.1361612667958,3.4929793913255853,0.5795891780163179,4.059515759773606,0.8550835762046363
24300.0,charmm-gui-6586474763_gromacs_replicate_3,53.2306048555522,3.5204452390526404,0.6651818676931328,0.20317544544807747,0.08663467585497629
24400.0,charmm-gui-6586474763_gromacs_replicate_3,65.23014603064458,3.4189040995879814,0.837676333109131,0.8125466310770689,0.2791628078348435
24500.0,charmm-gui-6586474763_gromacs_replicate_3,51.00957095634561,3.6581432595857586,0.6223711734680263,2.666997260354226,0.7254357370682291
24600.0,charmm-gui-6586474763_gromacs_replicate_3,73.5224139319825,3.7742815957600473,0.6965095026686985,1.9967935137594846,0.6196431265509255
24700.0,charmm-gui-6586474763_gromacs_replicate_3,71.54578395771243,4.130810125856953,0.6648350563893352,3.1954882005867105,0.7836580521194971
24800.0,charmm-gui-6586474763_gromacs_replicate_3,70.50079986030633,3.549627635302123,0.7944013258203558,1.251666642523143,0.3702213704205757
24900.0,charmm-gui-6586474763_gromacs_replicate_3,67.04112506413146,2.9516581048530854,0.8730867150321208,1.5035414161546707,0.5290738710920361
25000.0,charmm-gui-6586474763_gromacs_replicate_3,61.92108008553049,3.7990211099858153,0.6689150955705406,3.3518938361575694,0.8623710164299451
25100.0,charmm-gui-6586474763_gromacs_replicate_3,62.11528423391302,3.2489286979679437,0.8256026559041041,3.130883981287985,0.8035345956031847
25200.0,charmm-gui-6586474763_gromacs_replicate_3,58.9416620843166,3.258301568854741,0.6850272740985766,1.8054854571737513,0.598939350508548
25300.0,charmm-gui-6586474763_gromacs_replicate_3,53.66431649618784,3.491590724092554,0.505907218249556,2.763458590522751,0.7461426743882126
25400.0,charmm-gui-6586474763_gromacs_replicate_3,56.207108252692805,3.733866653747567,0.6488613380863786,1.6172617912632072,0.45316730725405774
25500.0,charmm-gui-6586474763_gromacs_replicate_3,54.05255079889369,1.355979017624908,0.5336495312575149,0.49107767300552024,0.1647160649211064
25600.0,charmm-gui-6586474763_gromacs_replicate_3,56.05238249142435,3.4747017196476673,0.7547318328742093,4.055560015454596,0.6838378386389025
25700.0,charmm-gui-6586474763_gromacs_replicate_3,55.198431236678104,2.6151999720157884,0.7037674000130337,3.021458365954213,0.7735212825518158
25800.0,charmm-gui-6586474763_gromacs_replicate_3,71.25457419541526,3.6503810817304054,0.7886117712523353,0.26291074163997336,0.10983984257889838
25900.0,charmm-gui-6586474763_gromacs_replicate_3,55.14701827458178,3.251376393951942,0.759780961507224,2.1958889273373874,0.7351433836231563
26000.0,charmm-gui-6586474763_gromacs_replicate_3,56.40039178493355,3.761179258543594,0.5504306680040858,2.9221209708701226,0.7761762199333831
26100.0,charmm-gui-6586474763_gromacs_replicate_3,59.24772913276425,3.5514498569949966,0.7883049584412469,2.526855047988467,0.761026518287543
26200.0,charmm-gui-6586474763_gromacs_replicate_3,66.01267222696465,3.7826051674621857,0.5754778796173137,3.056185565012662,0.8541369267616643
26300.0,charmm-gui-6586474763_gromacs_replicate_3,60.99761702644829,3.2978077618037163,0.598335897660677,2.7092763896779255,0.7601732895835865
26400.0,charmm-gui-6586474763_gromacs_replicate_3,46.919985513489195,3.2385938165004036,0.48907113247456985,1.4136037612744685,0.5590658463623277
26500.0,charmm-gui-6586474763_gromacs_replicate_3,61.23901656770864,3.2301430455379854,0.8837964306943076,2.3987906676112676,0.809977498742437
26600.0,charmm-gui-6586474763_gromacs_replicate_3,55.351498548513106,3.2129229809094966,0.8861917846722677,2.531971020921625,0.7642600621403989
26700.0,charmm-gui-6586474763_gromacs_replicate_3,62.11463512900754,3.486276944003159,0.6443555093994475,2.6878904600692017,0.7464191401478705
26800.0,charmm-gui-6586474763_gromacs_replicate_3,65.4568220939516,3.9794345854874713,0.6690121761488413,0.8519614168351719,0.26928321341256406
26900.0,charmm-gui-6586474763_gromacs_replicate_3,54.983437835572545,3.2174134304107755,0.8155478289073969,1.4178479375711908,0.4135145312235317
27000.0,charmm-gui-6586474763_gromacs_replicate_3,57.55229930824007,3.5870976018375824,0.5834825565772012,2.7766594562801603,0.7987423061417985
27100.0,charmm-gui-6586474763_gromacs_replicate_3,58.38055425969118,3.652110800819494,0.5164933702314847,0.47721121910566877,0.18877815919271285
27200.0,charmm-gui-6586474763_gromacs_replicate_3,54.90261430087861,3.2900100911518644,0.6050101530115757,4.054799190661963,0.8742581139507014
27300.0,charmm-gui-6586474763_gromacs_replicate_3,54.28731543917516,3.550647361993269,0.7645913723751481,1.4829496080134832,0.44770143193272666
27400.0,charmm-gui-6586474763_gromacs_replicate_3,61.013783389254264,3.7133036174476395,0.5527018028170401,2.198801498229931,0.6770900354040231
27500.0,charmm-gui-6586474763_gromacs_replicate_3,63.22249654408925,3.9201222837157785,0.6615627343118072,2.937581690598551,0.7893712380407517
27600.0,charmm-gui-6586474763_gromacs_replicate_3,63.63671230598365,3.6740911516165333,0.5754554896085436,1.8068745990877,0.5684699328972449
27700.0,charmm-gui-6586474763_gromacs_replicate_3,62.042430740343185,4.0540521228233155,0.6380516588467502,2.8659784529790393,0.7365139199587512
27800.0,charmm-gui-6586474763_gromacs_replicate_3,63.48294715402268,2.7177654570112515,0.8359682326233316,0.8927961341285406,0.2781127451037772
27900.0,charmm-gui-6586474763_gromacs_replicate_3,65.5115591393398,3.3554403822960865,0.771835216324367,1.2450052759599097,0.417932996838516
28000.0,charmm-gui-6586474763_gromacs_replicate_3,45.586528700920574,3.5308940673539895,0.6330014959711846,3.36964157931848,0.8573187421444266
28100.0,charmm-gui-6586474763_gromacs_replicate_3,57.33101840432063,3.302129609858806,0.8177189247015314,3.6498214405148763,0.8941500613819183
28200.0,charmm-gui-6586474763_gromacs_replicate_3,59.76895803846021,3.7442119750558196,0.671770025808765,1.0769064605713465,0.34191698741027265
28300.0,charmm-gui-6586474763_gromacs_replicate_3,65.63487144003354,3.1261663935914847,0.894150052680349,1.9241978987232065,0.5210586161243904
28400.0,charmm-gui-6586474763_gromacs_replicate_3,50.0144184792345,3.580304408611558,0.5159682667032279,0.3541867809645012,0.12063208979265551
28500.0,charmm-gui-6586474763_gromacs_replicate_3,53.53482628394545,3.13325986246482,0.8684644050280419,0.7229591519105154,0.2763316008103296
28600.0,charmm-gui-6586474763_gromacs_replicate_3,74.20062649189352,3.6657216928017484,0.8266122587061345,1.59466083533631,0.4158540083889394
28700.0,charmm-gui-6586474763_gromacs_replicate_3,63.760360090801626,2.2208883792162113,0.7926159752595324,2.002029653437015,0.5238744707673781
28800.0,charmm-gui-6586474763_gromacs_replicate_3,63.23002067998344,3.7958722585780316,0.6955569840312211,0.4811147142774388,0.16131562973255215
28900.0,charmm-gui-6586474763_gromacs_replicate_3,64.05001511868595,3.433434916685044,0.8725634944617986,2.5172585138671653,0.7534036288047948
29000.0,charmm-gui-6586474763_gromacs_replicate_3,66.39467875626893,3.198132581501219,0.8938555955907632,0.15646026578770028,0.0742801741418094
29100.0,charmm-gui-6586474763_gromacs_replicate_3,58.87840153308487,3.1479669562664574,0.894147723129543,0.3331312374384968,0.1393529452433425
29200.0,charmm-gui-6586474763_gromacs_replicate_3,51.02775021331408,3.5038674137322454,0.6081147974837381,2.129379358237649,0.5641115885602338
29300.0,charmm-gui-6586474763_gromacs_replicate_3,59.395468022455,2.74369956033085,0.8623182103385914,3.358189369725164,0.888735727837087
29400.0,charmm-gui-6586474763_gromacs_replicate_3,59.803826053145904,3.639194744762375,0.6582102111221485,3.613488503043625,0.8921571894376374
29500.0,charmm-gui-6586474763_gromacs_replicate_3,62.193229697172285,3.662145402315002,0.7737196976124703,3.540620794826124,0.8791336488823239
29600.0,charmm-gui-6586474763_gromacs_replicate_3,57.31844118993902,3.367948058514886,0.8626358266127019,1.3796465429105729,0.41037614414571094
29700.0,charmm-gui-6586474763_gromacs_replicate_3,59.60700311178381,3.6898872973930925,0.7174021744484516,0.9638513094512279,0.32435950491746884
29800.0,charmm-gui-6586474763_gromacs_replicate_3,59.28208114559206,3.6913891411925235,0.5968697694830981,1.6902385996221336,0.4898886807529633
29900.0,charmm-gui-6586474763_gromacs_replicate_3,56.74353103634411,3.1508890528028233,0.8828038559619831,3.470404541228322,0.8614790952739145
30000.0,charmm-gui-6586474763_gromacs_replicate_3,57.52288576730054,3.4697819345298915,0.5354608647909312,1.7839317253401918,0.5934451777608144
30100.0,charmm-gui-6586474763_gromacs_replicate_3,58.510582571250595,3.2823469777119794,0.7711088127463512,4.3172282825816275,0.795484037001044
30200.0,charmm-gui-6586474763_gromacs_replicate_3,57.15752354856038,3.4541079810325135,0.6451998586684069,0.8433943552932629,0.27390904610204225
30300.0,charmm-gui-6586474763_gromacs_replicate_3,57.606187760372414,1.5479650443645845,0.5387704625809686,0.7565014731729561,0.2578166663477201
30400.0,charmm-gui-6586474763_gromacs_replicate_3,53.24606616317664,3.3424292728801666,0.7651792103329069,1.5064945075017497,0.42663527956417924
30500.0,charmm-gui-6586474763_gromacs_replicate_3,60.010512578459355,3.178419186214768,0.8748645265388552,2.1475052083897106,0.5549480126568134
30600.0,charmm-gui-6586474763_gromacs_replicate_3,49.26473211329625,3.2033445503728704,0.8773470044071883,4.2074420285053415,0.8181060950537713
30700.0,charmm-gui-6586474763_gromacs_replicate_3,64.64689938071024,1.9192445467818635,0.7059606208663451,1.643161658005728,0.431564257703957
30800.0,charmm-gui-6586474763_gromacs_replicate_3,50.415754619217836,3.4333709608132637,0.4921878736225028,2.306481774471481,0.6022187944904753
30900.0,charmm-gui-6586474763_gromacs_replicate_3,58.5300642076276,3.3705024598875633,0.5646875502446594,1.3543217291832264,0.37341980945536013
31000.0,charmm-gui-6586474763_gromacs_replicate_3,55.53430350802515,3.760117770467573,0.5877108702092252,3.4020537083362217,0.856492123175901
31100.0,charmm-gui-6586474763_gromacs_replicate_3,47.35786569040886,3.4451173748745054,0.5753333418627835,2.463796888812625,0.7397851346941003
31200.0,charmm-gui-6586474763_gromacs_replicate_3,53.49287247284655,3.3413079440688738,0.5917091101637638,3.2393285516978816,0.7916777164845289
31300.0,charmm-gui-6586474763_gromacs_replicate_3,62.09534566405344,2.9536347187115184,0.8914173345782335,3.4813703179278206,0.8883373717537024
31400.0,charmm-gui-6586474763_gromacs_replicate_3,53.09459248321997,3.7136094966663626,0.609198991691081,4.291373206779411,0.7809867916723153
31500.0,charmm-gui-6586474763_gromacs_replicate_3,60.44965869565619,2.489779913328078,0.8231852697687845,0.8010327017123904,0.2764728561907824
31600.0,charmm-gui-6586474763_gromacs_replicate_3,52.51057998105452,3.253364088620632,0.8390865767899576,2.92183913606271,0.8090381530109244
31700.0,charmm-gui-6586474763_gromacs_replicate_3,58.441877904569125,3.8008478335625906,0.6607810797384722,4.301331426977584,0.8054533952206228
31800.0,charmm-gui-6586474763_gromacs_replicate_3,61.093808834187755,3.8325630305618157,0.6659520988324074,3.836543474959068,0.8842993287055477
31900.0,charmm-gui-6586474763_gromacs_replicate_3,50.29097407522519,3.60852806663003,0.5370783947020704,3.225218941903763,0.8837717847761782
32000.0,charmm-gui-6586474763_gromacs_replicate_3,55.01134641758422,3.321145215503069,0.7861373988374563,1.086488431847639,0.3410625993885899
32100.0,charmm-gui-6586474763_gromacs_replicate_3,60.23243703485409,3.6298046840510496,0.6688865312234505,2.7185642125119616,0.7158290382152834
32200.0,charmm-gui-6586474763_gromacs_replicate_3,59.03679474437533,3.962157974009606,0.6291973034839882,1.024485880653311,0.3243534429804623
32300.0,charmm-gui-6586474763_gromacs_replicate_3,55.78059613941426,4.06222619499225,0.7767611167878219,3.100012191665095,0.841569124137349
32400.0,charmm-gui-6586474763_gromacs_replicate_3,55.36692751891601,3.8365612423333895,0.5941692309449402,1.5219575442521258,0.40039836611586804
32500.0,charmm-gui-6586474763_gromacs_replicate_3,55.73048376883852,3.75887219854986,0.6570992037852572,1.9686863293961387,0.6076876634633831
32600.0,charmm-gui-6586474763_gromacs_replicate_3,60.26312325868079,3.8608226770814214,0.6506930743286106,0.9699212064563709,0.3159231375965899
32700.0,charmm-gui-6586474763_gromacs_replicate_3,54.16506620276721,3.5922466668145314,0.6678070035606107,1.5552579241744549,0.42041126133147605
32800.0,charmm-gui-6586474763_gromacs_replicate_3,60.141715867570916,3.4051764164124556,0.8359373274877075,2.3379985654195994,0.7180242054413075
32900.0,charmm-gui-6586474763_gromacs_replicate_3,50.52186775860347,3.595163045458308,0.6614895458467235,2.8651954560723474,0.826625533068706
33000.0,charmm-gui-6586474763_gromacs_replicate_3,59.68337364168575,3.737382835702742,0.6203483468675389,4.166351624941159,0.6675079914305535
33100.0,charmm-gui-6586474763_gromacs_replicate_3,84.33410562266744,4.364804716693409,0.7517255867369933,0.6764924531895599,0.22651483634958194
33200.0,charmm-gui-6586474763_gromacs_replicate_3,49.58585258934169,3.8165920760709944,0.6678141749951638,1.5942241610942451,0.4516034564714182
33300.0,charmm-gui-6586474763_gromacs_replicate_3,54.466123278231564,3.7049144600661292,0.6492590303936513,0.6352898766786351,0.2327879869571017
33400.0,charmm-gui-6586474763_gromacs_replicate_3,52.20562722014138,3.555285345043676,0.5364333139044161,1.0200084029431422,0.36804294338491406
33500.0,charmm-gui-6586474763_gromacs_replicate_3,62.453084887423174,3.806240612120569,0.7118222420948175,0.7136272237091568,0.30109392585309974
33600.0,charmm-gui-6586474763_gromacs_replicate_3,63.86482936455418,3.3237324017836354,0.8457201089960549,1.5438441160892875,0.45346179393910363
33700.0,charmm-gui-6586474763_gromacs_replicate_3,77.98559447487003,4.10217478546753,0.8039795379379393,0.9793615601588642,0.32198022229263273
33800.0,charmm-gui-6586474763_gromacs_replicate_3,64.31597244515403,4.116472789489475,0.6645021998061326,3.1040819648900064,0.7857480735495767
33900.0,charmm-gui-6586474763_gromacs_replicate_3,50.73590395896983,3.294377341993242,0.842720486071366,3.3132086623878223,0.8844018691283153
34000.0,charmm-gui-6586474763_gromacs_replicate_3,55.966103879901254,3.345072258810079,0.730716019548611,1.9878234948298419,0.69025901047644
34100.0,charmm-gui-6586474763_gromacs_replicate_3,56.538078917665416,3.7643670737166826,0.569048368706929,0.7487389425151548,0.26090934746424765
34200.0,charmm-gui-6586474763_gromacs_replicate_3,47.68381111489246,3.7483889421316787,0.656707097358388,1.4285432277883998,0.46930523772165456
34300.0,charmm-gui-6586474763_gromacs_replicate_3,58.06467893694975,3.8254563821792957,0.6754091711076908,4.36822534221774,0.8213129291378539
34400.0,charmm-gui-6586474763_gromacs_replicate_3,57.47919091921709,3.230904662679482,0.8894837831619904,2.4226442721372736,0.6514564985000261
34500.0,charmm-gui-6586474763_gromacs_replicate_3,49.963851238908745,2.2554609751870376,0.6917109460353125,0.40803208100411487,0.16586773721205836
34600.0,charmm-gui-6586474763_gromacs_replicate_3,59.86690724799324,3.7249823048462414,0.7821479281648953,3.7183264401938225,0.8940267130714801
34700.0,charmm-gui-6586474763_gromacs_replicate_3,56.62338032249961,3.439372486802672,0.615019871518682,1.1376219623413968,0.3743890496526262
34800.0,charmm-gui-6586474763_gromacs_replicate_3,60.18359149992098,3.1551293925489823,0.8921309746772202,1.6181484857784614,0.4909386674497247
34900.0,charmm-gui-6586474763_gromacs_replicate_3,57.41898510078214,3.4429618015950236,0.7987587318553008,2.6476156670262885,0.7451842231182468
35000.0,charmm-gui-6586474763_gromacs_replicate_3,49.33629620139331,3.1545278251811055,0.8497208830412083,3.216185424609227,0.8725034440928277
35100.0,charmm-gui-6586474763_gromacs_replicate_3,64.88983744504228,3.7991138664257393,0.7166980091331034,1.0028816226594088,0.4065993559282863
35200.0,charmm-gui-6586474763_gromacs_replicate_3,55.51444346717801,3.783766767156301,0.5856066721721439,4.309815987174301,0.7825380757436713
35300.0,charmm-gui-6586474763_gromacs_replicate_3,61.37827257784392,3.8274568092499197,0.7038843170389837,0.9329431515605713,0.2990593357834681
35400.0,charmm-gui-6586474763_gromacs_replicate_3,66.64159376468159,4.152767483324555,0.6626311313808735,2.277452599744569,0.6211689147098862
35500.0,charmm-gui-6586474763_gromacs_replicate_3,40.496088248762305,3.626840210690266,0.5785067086965398,1.09489594671605,0.40326183484423683
35600.0,charmm-gui-6586474763_gromacs_replicate_3,43.06704331238433,3.460675361688408,0.7743953482980165,1.2080633392600442,0.34631844203340917
35700.0,charmm-gui-6586474763_gromacs_replicate_3,53.26509971114892,3.222446475052961,0.8872571700071634,0.28514599822409625,0.12459882654499002
35800.0,charmm-gui-6586474763_gromacs_replicate_3,62.39152229143667,4.235697170518641,0.6277607323171316,3.4635069423269487,0.8594959137780447
35900.0,charmm-gui-6586474763_gromacs_replicate_3,64.17994045105021,3.4569851076849862,0.6355296185317674,1.742302278088966,0.5495729083114357
36000.0,charmm-gui-6586474763_gromacs_replicate_3,53.47156616946262,2.5625820152846006,0.8224072865018828,3.8260360926948116,0.8911169972945402
36100.0,charmm-gui-6586474763_gromacs_replicate_3,50.65515529076808,3.730860853820248,0.6530979898547248,4.343048562695364,0.7874308263723431
36200.0,charmm-gui-6586474763_gromacs_replicate_3,57.60261237644015,3.692810651907849,0.6740426601924084,1.888323737555407,0.5314108649402699
36300.0,charmm-gui-6586474763_gromacs_replicate_3,50.859142580371355,3.966053483999572,0.7558167178426783,4.280224516401537,0.7998596083044018
36400.0,charmm-gui-6586474763_gromacs_replicate_3,66.45462228636283,4.029288973856763,0.618212678662993,4.291246470483121,0.8025578982483218
36500.0,charmm-gui-6586474763_gromacs_replicate_3,59.030239114548486,3.8440431030747706,0.5993397236844252,1.9339090799985357,0.6183800174585706
36600.0,charmm-gui-6586474763_gromacs_replicate_3,55.72379297561071,3.784749883909125,0.7437251871913164,1.2270986277080103,0.39980471759224545
36700.0,charmm-gui-6586474763_gromacs_replicate_3,54.78411491959187,3.2674504103406288,0.7791701107589354,3.5205434507164126,0.8925509858049284
36800.0,charmm-gui-6586474763_gromacs_replicate_3,49.9377570641513,3.1868388900015017,0.8062302765309646,3.1182627395241584,0.8335193644799517
36900.0,charmm-gui-6586474763_gromacs_replicate_3,60.55379829201556,3.634664830123144,0.7413541432542883,2.3408331376972313,0.7142605213037592
37000.0,charmm-gui-6586474763_gromacs_replicate_3,57.199730441336754,3.3886628748294094,0.7173408972360874,1.7017887073865974,0.5240317572640679
37100.0,charmm-gui-6586474763_gromacs_replicate_3,54.92518435558732,3.547651252720411,0.7636556504644406,0.9548621881364947,0.29762386271993974
37200.0,charmm-gui-6586474763_gromacs_replicate_3,52.70811914902136,2.912469459331158,0.7076823524668864,2.9713854579424357,0.8459341276218477
37300.0,charmm-gui-6586474763_gromacs_replicate_3,67.39910715526561,2.7903474911627866,0.8311589902373059,2.3101094536391353,0.6774784778151711
37400.0,charmm-gui-6586474763_gromacs_replicate_3,60.1645564344699,3.8287463971734303,0.6160600950420808,1.9247672878855804,0.6134831706151422
37500.0,charmm-gui-6586474763_gromacs_replicate_3,54.97279554579278,3.4167458040691705,0.5277167330905236,2.623665194669054,0.7381754346469201
37600.0,charmm-gui-6586474763_gromacs_replicate_3,51.61144447438588,2.628828960448778,0.8366927731758376,3.20494814960231,0.8220794907213523
37700.0,charmm-gui-6586474763_gromacs_replicate_3,56.42363634715464,3.738129833213576,0.6802332302936036,1.1516638492990188,0.4392869240525392
37800.0,charmm-gui-6586474763_gromacs_replicate_3,63.549744861394615,3.327733947156428,0.8861235820980226,1.9271225071064118,0.5510863546871657
37900.0,charmm-gui-6586474763_gromacs_replicate_3,51.70765284446961,3.571975817380957,0.6185465484095136,4.2025587297268405,0.8095561560162352
38000.0,charmm-gui-6586474763_gromacs_replicate_3,64.23878550061565,3.1848190747657106,0.8936355703403436,1.8454018085277326,0.4866107672723456
38100.0,charmm-gui-6586474763_gromacs_replicate_3,49.77568138753794,3.9657608194198897,0.6452281909883122,0.8540386517050159,0.3078380802589814
38200.0,charmm-gui-6586474763_gromacs_replicate_3,45.97632179564903,3.349758579132234,0.7836386491052907,1.5387598977585675,0.4266931688546551
38300.0,charmm-gui-6586474763_gromacs_replicate_3,60.03998208572236,3.5581545620976334,0.5099474751683405,3.8838699288196254,0.8616675212702418
38400.0,charmm-gui-6586474763_gromacs_replicate_3,62.971231452485085,3.310571809051127,0.4911947768895445,0.6799539957653974,0.24780606332569208
38500.0,charmm-gui-6586474763_gromacs_replicate_3,54.15818269670444,3.147690492185215,0.867720452642007,0.6592392395692033,0.2905325777754947
38600.0,charmm-gui-6586474763_gromacs_replicate_3,46.18416368369784,3.3160926567975193,0.5344794203807987,3.5618802476199063,0.894128643233832
38700.0,charmm-gui-6586474763_gromacs_replicate_3,58.30370234091766,3.061191815236147,0.8691290060937086,0.8883386995921883,0.2707371353036167
38800.0,charmm-gui-6586474763_gromacs_replicate_3,57.804348042058066,3.376499905048607,0.8540081525840291,2.61878547145668,0.8300054919888494
38900.0,charmm-gui-6586474763_gromacs_replicate_3,67.76525532663325,3.4945517427891075,0.822100390567369,0.7367998237933242,0.324222998542221
39000.0,charmm-gui-6586474763_gromacs_replicate_3,51.7312413246986,2.7382767179190717,0.7020515601587345,0.6004798537833999,0.2189311248683135
39100.0,charmm-gui-6586474763_gromacs_replicate_3,52.78658737356693,3.357744310540684,0.6612392914952868,2.581844262053992,0.7446966670511247
39200.0,charmm-gui-6586474763_gromacs_replicate_3,57.56216912912262,3.4206821012699655,0.5831222548560403,1.2278111552582969,0.37346072409684117
39300.0,charmm-gui-6586474763_gromacs_replicate_3,53.401095418548465,3.472357089104219,0.5865251408852599,3.878349759937354,0.8483323905670838
39400.0,charmm-gui-6586474763_gromacs_replicate_3,45.04373630035836,3.5779018183108557,0.6098735061160458,0.558494940225599,0.20694649554071914
39500.0,charmm-gui-6586474763_gromacs_replicate_3,51.85164863761654,3.6890265351571188,0.7226764117901793,0.2961877336003783,0.12008932693043892
39600.0,charmm-gui-6586474763_gromacs_replicate_3,48.19843885635257,3.910077373017823,0.665440787414154,1.4644701858853437,0.4603963255446708
39700.0,charmm-gui-6586474763_gromacs_replicate_3,65.34695122249812,3.411231132982782,0.8839258800698385,1.376342453364446,0.4335311859379508
39800.0,charmm-gui-6586474763_gromacs_replicate_3,52.05151773491649,3.4885273947544695,0.6556702172504302,2.795531405001103,0.7669949026770373
39900.0,charmm-gui-6586474763_gromacs_replicate_3,47.459474345678814,3.6565541822714893,0.6752054325039198,1.0845840429548343,0.31691769268111925
40000.0,charmm-gui-6586474763_gromacs_replicate_3,59.581007613531085,3.5072345711143815,0.59502167606731,2.6398402542300796,0.7169704575788216
40100.0,charmm-gui-6586474763_gromacs_replicate_3,52.653955866639095,3.628673367924938,0.5451618110054482,3.0145945719808447,0.8646958123981704
40200.0,charmm-gui-6586474763_gromacs_replicate_3,52.23717341744673,3.4464900820307522,0.561188510779609,2.561568523985649,0.7928954693980378
40300.0,charmm-gui-6586474763_gromacs_replicate_3,41.236748251226764,3.3771873236045886,0.5056405539228611,0.8583669879999944,0.34819962002460386
40400.0,charmm-gui-6586474763_gromacs_replicate_3,46.270268339323394,1.6854069379787133,0.5951997826856699,3.686410713367816,0.8866186972626472
40500.0,charmm-gui-6586474763_gromacs_replicate_3,59.768388855796076,3.436839201328124,0.7415119571848723,3.876873036794127,0.8939904187632111
40600.0,charmm-gui-6586474763_gromacs_replicate_3,54.96922973525106,3.5765453714292916,0.6601754766996193,1.7966439629886888,0.6619072518260999
40700.0,charmm-gui-6586474763_gromacs_replicate_3,53.60876043921618,2.5791820187739463,0.8559073693460075,2.2369204637884104,0.6532949553240909
40800.0,charmm-gui-6586474763_gromacs_replicate_3,53.17811460135759,3.8450105899025555,0.6667150782725318,3.5365924294195947,0.8911809233524917
40900.0,charmm-gui-6586474763_gromacs_replicate_3,48.44490170441906,3.73761272551684,0.6526881064417189,2.1802893821270706,0.74174149266532
41000.0,charmm-gui-6586474763_gromacs_replicate_3,54.17336016063055,2.923812980047336,0.7686351835064565,4.418574051937095,0.8091691355877995
41100.0,charmm-gui-6586474763_gromacs_replicate_3,50.003600123587795,3.5413879291448396,0.6656448070103633,1.0170590838105138,0.31290026290870065
41200.0,charmm-gui-6586474763_gromacs_replicate_3,54.98775774292224,3.7124424792606288,0.5988952075174353,3.907209861606009,0.8871974708566736
41300.0,charmm-gui-6586474763_gromacs_replicate_3,59.26367100671884,3.6265754838826654,0.6093124330858706,2.1367855887052545,0.5892683539414147
41400.0,charmm-gui-6586474763_gromacs_replicate_3,52.77182156075729,3.0508878218673336,0.7183461014157784,1.7539810753755796,0.46606672960165385
41500.0,charmm-gui-6586474763_gromacs_replicate_3,64.91821490373681,3.4062325985291793,0.7206707414223593,1.9616778455876909,0.5391597156438066
41600.0,charmm-gui-6586474763_gromacs_replicate_3,52.59325327280524,3.8264882656229715,0.6163563331078837,3.4033367084430437,0.8705156953080109
41700.0,charmm-gui-6586474763_gromacs_replicate_3,57.4686193337387,3.2812129507054726,0.7273566107997365,1.8591413193583717,0.4991631999685577
41800.0,charmm-gui-6586474763_gromacs_replicate_3,60.59496790280342,3.31356397108121,0.6773118252514593,4.3375138744340145,0.8172536682890387
41900.0,charmm-gui-6586474763_gromacs_replicate_3,61.64234821906847,3.069693536538245,0.7002734126138427,4.41439013850557,0.8238205885427785
42000.0,charmm-gui-6586474763_gromacs_replicate_3,47.688845059046855,3.823719882385908,0.7270878767710268,3.674640797309831,0.8901366931146375
42100.0,charmm-gui-6586474763_gromacs_replicate_3,49.863796766033374,3.3314557746183118,0.7125488862758317,3.848742990343689,0.8938241587588738
42200.0,charmm-gui-6586474763_gromacs_replicate_3,57.97399779621729,3.3839633806397154,0.7848539036566916,1.3825286595776862,0.4417481166441089
42300.0,charmm-gui-6586474763_gromacs_replicate_3,54.28689483625215,3.493533534796068,0.6342538055005852,3.7961545677014237,0.8850481817412841
42400.0,charmm-gui-6586474763_gromacs_replicate_3,51.18378673207951,2.965186840867071,0.7020535982784399,3.5963273944345486,0.8760481644455154
42500.0,charmm-gui-6586474763_gromacs_replicate_3,43.75043569039027,1.022342070051353,0.398500800495975,4.197999397909804,0.8625749934746
42600.0,charmm-gui-6586474763_gromacs_replicate_3,46.75267730681469,3.574565661045819,0.7440529683466873,3.314051680765652,0.8590708050787922
42700.0,charmm-gui-6586474763_gromacs_replicate_3,62.82801155082109,3.6044262514491376,0.6241936537083286,4.3521564150356955,0.8234464487221408
42800.0,charmm-gui-6586474763_gromacs_replicate_3,57.91540170867063,3.806536312776721,0.6683546146407046,4.351098554816632,0.8033304339943407
42900.0,charmm-gui-6586474763_gromacs_replicate_3,55.77824198020393,3.600287093589236,0.6204843629781914,4.258822234394118,0.790148786353771
43000.0,charmm-gui-6586474763_gromacs_replicate_3,54.535786371298414,2.7742001685461912,0.8544802095024362,2.689169425251144,0.7809636282090908
43100.0,charmm-gui-6586474763_gromacs_replicate_3,58.34205399716012,3.5336083785393524,0.5664076993828122,3.4912775326727408,0.8905444245275083
43200.0,charmm-gui-6586474763_gromacs_replicate_3,53.54257996374655,3.714754388877301,0.5538716006254085,4.153743029512383,0.8084734280229005
43300.0,charmm-gui-6586474763_gromacs_replicate_3,50.69302113937539,3.5888244945485797,0.7712040960657246,2.236461716109984,0.6714083348241883
43400.0,charmm-gui-6586474763_gromacs_replicate_3,51.084349294931116,3.2498726003832807,0.5402415277871216,3.694787558501034,0.8938359217122145
43500.0,charmm-gui-6586474763_gromacs_replicate_3,52.93943668844615,3.317872273589645,0.6517238973243901,1.5202727172488344,0.39925563470231124
43600.0,charmm-gui-6586474763_gromacs_replicate_3,55.491744038000164,3.227885138462795,0.8489889639339702,0.7778547308467283,0.25343263623187995
43700.0,charmm-gui-6586474763_gromacs_replicate_3,56.82111608761569,3.2270434332812235,0.7625015873642942,4.3831656134959935,0.8104974700204864
43800.0,charmm-gui-6586474763_gromacs_replicate_3,47.91054943155197,3.3916975439762487,0.7146366568424483,4.403918349102439,0.8099671743258835
43900.0,charmm-gui-6586474763_gromacs_replicate_3,65.24081588525817,2.6251891599345725,0.8450136486153608,3.154804178335204,0.8564457799434142
44000.0,charmm-gui-6586474763_gromacs_replicate_3,58.8231860779036,3.278114057516477,0.8607933107645012,2.1096484186559654,0.6094397584161247
44100.0,charmm-gui-6586474763_gromacs_replicate_3,52.2270123537828,3.0692746273307856,0.8841652041660265,2.307695509750953,0.6022492620563306
44200.0,charmm-gui-6586474763_gromacs_replicate_3,60.91524075322627,3.2545364266724848,0.8536519603817112,1.2283807583817157,0.35482395369145614
44300.0,charmm-gui-6586474763_gromacs_replicate_3,60.67426653090966,3.9443006786133545,0.7789770792976562,4.171535186721685,0.8074009543875323
44400.0,charmm-gui-6586474763_gromacs_replicate_3,49.18013165651843,3.1432927580293217,0.7838532162387336,2.1416474880633123,0.6113892494706878
44500.0,charmm-gui-6586474763_gromacs_replicate_3,50.58790685905085,3.3358657776155445,0.783825055731826,3.415918500302997,0.8844710085287614
44600.0,charmm-gui-6586474763_gromacs_replicate_3,61.79957278722497,3.7066749960422802,0.6670216622065882,0.6844973138648878,0.23079456771077383
44700.0,charmm-gui-6586474763_gromacs_replicate_3,52.01814585083058,3.7074445379054306,0.6493375311480541,3.3481456751676153,0.8630178579599646
44800.0,charmm-gui-6586474763_gromacs_replicate_3,52.78631292649919,2.650994700120355,0.8673316867777633,1.8801116546417824,0.5443563203329483
44900.0,charmm-gui-6586474763_gromacs_replicate_3,58.04427010620427,3.7971397154953803,0.6045281768846793,3.812893328662256,0.892905464128314
45000.0,charmm-gui-6586474763_gromacs_replicate_3,59.08226950978906,3.8171256486380267,0.6574802277512822,1.0187615289573217,0.3223874645272273
45100.0,charmm-gui-6586474763_gromacs_replicate_3,53.366853023472004,3.6152560471540034,0.6289590968957255,3.775436370636469,0.8912672853839534
45200.0,charmm-gui-6586474763_gromacs_replicate_3,55.627939174992726,3.2597249371453887,0.6037122605054481,1.1844232774308872,0.40556552070735097
45300.0,charmm-gui-6586474763_gromacs_replicate_3,48.06758505410762,3.5443842532182117,0.7181858317516676,2.9662259340489454,0.765396448921736
45400.0,charmm-gui-6586474763_gromacs_replicate_3,58.539961648023876,2.9480977784953155,0.7364618429056575,4.3808068566832805,0.7941214332506785
45500.0,charmm-gui-6586474763_gromacs_replicate_3,49.456898933155856,3.563644623660025,0.7579180471633542,2.8257076289453886,0.722219301469671
45600.0,charmm-gui-6586474763_gromacs_replicate_3,51.54262336167766,3.3004326706172873,0.5781283727277937,4.295686212798132,0.7977759870595935
45700.0,charmm-gui-6586474763_gromacs_replicate_3,69.4031241907073,4.073913773126185,0.6517437470601687,2.6698934794958347,0.6887260445225561
45800.0,charmm-gui-6586474763_gromacs_replicate_3,57.61275574388943,3.680125821235538,0.639322091295188,2.7279954988690536,0.7257836406329771
45900.0,charmm-gui-6586474763_gromacs_replicate_3,45.643237131251766,1.828082693445445,0.6405044083742503,4.137694297491367,0.871483792475166
46000.0,charmm-gui-6586474763_gromacs_replicate_3,48.95258779632512,3.28771487974337,0.782755542767016,4.013540868387511,0.8709049507417956
46100.0,charmm-gui-6586474763_gromacs_replicate_3,53.06614328872172,3.7841644083036576,0.7827108933398134,2.1851461985777294,0.6158091849022062
46200.0,charmm-gui-6586474763_gromacs_replicate_3,55.644868352656786,1.2728807025464337,0.4195411657738411,2.1993439783606945,0.6172355139951301
46300.0,charmm-gui-6586474763_gromacs_replicate_3,58.5793408601849,3.497517184318043,0.6569342598825884,3.288668410703488,0.8632490636279444
46400.0,charmm-gui-6586474763_gromacs_replicate_3,57.31461087351434,3.484438776778637,0.6866358857535675,1.4219320433547433,0.410136514602919
46500.0,charmm-gui-6586474763_gromacs_replicate_3,62.0440004518081,3.286945022390849,0.8179166892991998,2.4014294115257018,0.6216023552293807
46600.0,charmm-gui-6586474763_gromacs_replicate_3,49.60775577363016,2.693818167998761,0.703696398601976,4.197052229156455,0.8120178928034443
46700.0,charmm-gui-6586474763_gromacs_replicate_3,63.931797217748695,3.629974778142307,0.738297226329782,3.060991095516298,0.8137629933499768
46800.0,charmm-gui-6586474763_gromacs_replicate_3,54.57496447377156,3.7322480816601584,0.5827718771429429,2.6588243967808642,0.7439294764231853
46900.0,charmm-gui-6586474763_gromacs_replicate_3,51.74759040625906,3.5984481428511272,0.6696537829996901,2.8530201869371887,0.7946135871500386
47000.0,charmm-gui-6586474763_gromacs_replicate_3,53.38047011124383,3.2312872869707165,0.7807621348397529,4.234515446468512,0.7970880732900328
47100.0,charmm-gui-6586474763_gromacs_replicate_3,56.519971040100955,3.1966925750343034,0.772186689794875,2.47653578449388,0.6291585057639681
47200.0,charmm-gui-6586474763_gromacs_replicate_3,59.73914661454897,3.9690270492466304,0.6632842548158513,3.6608407243561105,0.8917613827109871
47300.0,charmm-gui-6586474763_gromacs_replicate_3,60.174990642316644,3.6917451821869562,0.5617164185805358,2.755821416559566,0.7376127210055725
47400.0,charmm-gui-6586474763_gromacs_replicate_3,50.9415000383793,3.6346473221666327,0.7255103546151843,3.7372502706953643,0.8939226610342549
47500.0,charmm-gui-6586474763_gromacs_replicate_3,53.16400928204893,3.6447754952435645,0.5856726101491504,3.50361510957397,0.8848587223110089
47600.0,charmm-gui-6586474763_gromacs_replicate_3,62.0896377652832,3.670795040670705,0.7110367645205579,2.523934631024998,0.6486967787520476
47700.0,charmm-gui-6586474763_gromacs_replicate_3,63.07936443715299,3.521437271697179,0.5981930163174675,0.8719250658808273,0.3066665581203509
47800.0,charmm-gui-6586474763_gromacs_replicate_3,51.67880287310122,3.7413998602724674,0.6613956997989336,3.026543611895535,0.7652555114509743
47900.0,charmm-gui-6586474763_gromacs_replicate_3,55.72014360331039,3.722468371924296,0.6922379779347088,4.242633883884556,0.830230825689606
48000.0,charmm-gui-6586474763_gromacs_replicate_3,55.49576391993715,2.4285022859720677,0.6768865801539202,2.854476105814539,0.7320921387077749
48100.0,charmm-gui-6586474763_gromacs_replicate_3,55.06687679300866,3.6666412273030975,0.6345286754879826,2.7757770339989074,0.7798332806706986
48200.0,charmm-gui-6586474763_gromacs_replicate_3,57.83394465333406,3.6439748815209625,0.5396429500604871,1.4958838919251665,0.41940250124719064
48300.0,charmm-gui-6586474763_gromacs_replicate_3,58.443056193558036,3.804788552702199,0.6689520832696412,3.6464272007004297,0.8926520759565931
48400.0,charmm-gui-6586474763_gromacs_replicate_3,56.393445897781824,2.9079530390405663,0.702426108801861,4.057761448235755,0.8008995286667485
48500.0,charmm-gui-6586474763_gromacs_replicate_3,47.838921229938705,3.4875757259543363,0.5270534847918941,2.7427786700743804,0.7169900780482993
48600.0,charmm-gui-6586474763_gromacs_replicate_3,49.313457379412625,3.376382797162867,0.5597126248563428,1.7334284888098765,0.5127290124557597
48700.0,charmm-gui-6586474763_gromacs_replicate_3,46.058050773620636,3.5973591234036038,0.7714218476044062,1.1173803181258466,0.32613952645988264
48800.0,charmm-gui-6586474763_gromacs_replicate_3,50.56309149714892,3.2384781470694706,0.783528650143135,4.312122881806604,0.7637828130793923
48900.0,charmm-gui-6586474763_gromacs_replicate_3,51.91006818802438,3.532805774135886,0.6056135461841828,1.6151345752846546,0.42373058007408143
49000.0,charmm-gui-6586474763_gromacs_replicate_3,55.09431556614196,3.468955194599516,0.7802176333307858,4.266222288883589,0.7641335658766085
49100.0,charmm-gui-6586474763_gromacs_replicate_3,60.7590417585807,3.5556909663091463,0.5593681060005138,2.363548204867848,0.6220108632626539
49200.0,charmm-gui-6586474763_gromacs_replicate_3,62.32566787463489,3.6783386206152646,0.6377468796394137,2.159917888494457,0.644452712734245
49300.0,charmm-gui-6586474763_gromacs_replicate_3,68.46052301788949,3.683653779456285,0.704270828140533,1.2631803259410121,0.4453781269000989
49400.0,charmm-gui-6586474763_gromacs_replicate_3,57.54372759048175,3.7246343047062513,0.6149062633872658,3.909573927975532,0.8937533661979387
49500.0,charmm-gui-6586474763_gromacs_replicate_3,46.372302284874735,3.82081010192255,0.6073119053830482,3.635705986563906,0.8941398870246077
49600.0,charmm-gui-6586474763_gromacs_replicate_3,45.547077068421274,3.4878240346571787,0.6414769888881093,1.8688885209508026,0.5079495056853504
49700.0,charmm-gui-6586474763_gromacs_replicate_3,64.98140984183487,3.466309307379751,0.6580358683554643,0.6851290399714762,0.2160757834601472
49800.0,charmm-gui-6586474763_gromacs_replicate_3,59.856008184663786,3.5819026818087796,0.5608361028095277,4.094738198912576,0.8750662891744735
49900.0,charmm-gui-6586474763_gromacs_replicate_3,70.41619431347172,3.8229999260420335,0.8244886925770715,1.9916661241703713,0.574794129500724
50000.0,charmm-gui-6586474763_gromacs_replicate_3,61.84010797057234,3.3454333126187983,0.7716256524290187,2.604589738600196,0.7556172592458831
50100.0,charmm-gui-6586474763_gromacs_replicate_3,67.08280476417443,3.4456987587190224,0.5020028420530901,2.515172528185881,0.7563811191513274
50200.0,charmm-gui-6586474763_gromacs_replicate_3,47.9525190286265,3.4592616187102596,0.49163124823743337,1.185304055787753,0.33775845419526707
50300.0,charmm-gui-6586474763_gromacs_replicate_3,61.668571358890134,2.6135763380315256,0.7035399228808809,3.247947431739355,0.7989493659859138
50400.0,charmm-gui-6586474763_gromacs_replicate_3,59.159532228030756,3.422467948414617,0.7727492313207044,2.0229028716413975,0.5274039301693452
50500.0,charmm-gui-6586474763_gromacs_replicate_3,56.69804445315384,3.7391615161004568,0.6648809244408569,0.6355527658631481,0.21865007408268522
50600.0,charmm-gui-6586474763_gromacs_replicate_3,63.451509376549794,3.6736015936302047,0.7871519520681238,1.9833115729091377,0.5824229173987746
50700.0,charmm-gui-6586474763_gromacs_replicate_3,55.60180227889584,1.3985127972416505,0.5256205563454652,2.476115507482143,0.6829131087823277
50800.0,charmm-gui-6586474763_gromacs_replicate_3,58.37454641217554,3.5647985095265122,0.7802235162722607,3.842063086825432,0.8860950729941086
50900.0,charmm-gui-6586474763_gromacs_replicate_3,65.74303638795776,3.818218069350875,0.6291426302847319,2.7581276884409047,0.6907067926529086
51000.0,charmm-gui-6586474763_gromacs_replicate_3,55.391806241017484,3.166695139992622,0.8837541174177107,1.156408651377633,0.34903981797008055
51100.0,charmm-gui-6586474763_gromacs_replicate_3,58.79768839865851,3.76986220213049,0.6486904628869512,1.1388268674760123,0.43953762493659027
51200.0,charmm-gui-6586474763_gromacs_replicate_3,46.706759886799034,3.6433924305456706,0.6967427638714523,2.4473925332613145,0.6764701414541348
51300.0,charmm-gui-6586474763_gromacs_replicate_3,57.74058274658866,3.6191793218353654,0.6134873570754364,3.0914846532596343,0.8786933787701999
51400.0,charmm-gui-6586474763_gromacs_replicate_3,60.151323638006915,3.626758094910139,0.5548957246732865,2.622660849734447,0.6987221122306716
51500.0,charmm-gui-6586474763_gromacs_replicate_3,54.65802811246244,3.3629836477716983,0.7913868811043014,1.6468896047111357,0.4324532639223198
51600.0,charmm-gui-6586474763_gromacs_replicate_3,55.79908432780364,3.7129701875985677,0.6977445540253461,3.3196306346356557,0.8432950440564771
51700.0,charmm-gui-6586474763_gromacs_replicate_3,55.83416233689145,3.794752779427771,0.6663225583233195,4.5344374024303225,0.7925535862201196
51800.0,charmm-gui-6586474763_gromacs_replicate_3,54.402443611115785,3.893181487770005,0.6575111845088352,4.128905938157906,0.8378053186627484
51900.0,charmm-gui-6586474763_gromacs_replicate_3,52.80351111019579,3.7102394281074127,0.7649501215985152,2.3053096586835498,0.6465846128395277
52000.0,charmm-gui-6586474763_gromacs_replicate_3,56.36478306788778,3.4889845012517995,0.538844580498654,3.8207758091857076,0.8875654536039904
52100.0,charmm-gui-6586474763_gromacs_replicate_3,41.7295977800181,3.8307714133241793,0.6144846903942339,4.331939986897343,0.8206638817762165
52200.0,charmm-gui-6586474763_gromacs_replicate_3,59.3109605812335,3.638182440031031,0.585147014036486,3.582075873802504,0.8889626181319861
52300.0,charmm-gui-6586474763_gromacs_replicate_3,47.27917485278914,3.061982732486011,0.7837798368965659,2.369342990255859,0.6799389027622144
52400.0,charmm-gui-6586474763_gromacs_replicate_3,56.3377847779471,3.513440230024861,0.5745234482332534,2.4663034175079184,0.6809730426201358
52500.0,charmm-gui-6586474763_gromacs_replicate_3,49.098644779028746,3.7437421924469767,0.637612884497826,3.5551451574050863,0.8923803796771352
52600.0,charmm-gui-6586474763_gromacs_replicate_3,57.513578450295945,3.656138020438082,0.5869355472307913,1.1389218913407873,0.35718957155211023
52700.0,charmm-gui-6586474763_gromacs_replicate_3,57.58632317369787,3.4526549849138144,0.8178801320972235,2.557116158992486,0.693680772806848
52800.0,charmm-gui-6586474763_gromacs_replicate_3,62.41021414229709,4.123991983633655,0.6597632899754536,0.39243373119697,0.15548288030584245
52900.0,charmm-gui-6586474763_gromacs_replicate_3,67.23901339697166,3.6455654759473943,0.572261611878049,1.7448621357473462,0.46372637695510466
53000.0,charmm-gui-6586474763_gromacs_replicate_3,61.76108451885497,3.1374757245279126,0.8936277805555765,1.7123948039568238,0.5844907285073644
53100.0,charmm-gui-6586474763_gromacs_replicate_3,60.355121757893976,3.535833554541566,0.5370131025826259,1.0592788956708192,0.32478772376423665
53200.0,charmm-gui-6586474763_gromacs_replicate_3,54.174901755588216,3.057547462538572,0.8907377099998335,1.730307564286413,0.5765931356034973
53300.0,charmm-gui-6586474763_gromacs_replicate_3,42.20842227629699,3.3718775241120764,0.6727683500289043,1.5722470395755004,0.5119654149653147
53400.0,charmm-gui-6586474763_gromacs_replicate_3,53.73510788736116,3.757378457398102,0.7260016943357223,1.5668632752040026,0.4198633048246561
53500.0,charmm-gui-6586474763_gromacs_replicate_3,63.26085219166584,2.8597907327011063,0.8773928145203166,1.5809110248724043,0.4800405110783216
53600.0,charmm-gui-6586474763_gromacs_replicate_3,70.45313746169502,4.245704792558551,0.66902596691214,0.9059009386853405,0.29019980127031664
53700.0,charmm-gui-6586474763_gromacs_replicate_3,59.96584417608295,2.937329633647506,0.8925582378703901,1.599462970113845,0.5505265033372235
53800.0,charmm-gui-6586474763_gromacs_replicate_3,61.23545974402439,3.5845215105424426,0.6551524938949775,3.9658606857648007,0.8941199495168916
53900.0,charmm-gui-6586474763_gromacs_replicate_3,53.686888071017705,3.4782537859064426,0.5865074981831272,1.699056116112602,0.6059521285928278
54000.0,charmm-gui-6586474763_gromacs_replicate_3,51.78546317632336,3.216739041531209,0.7822563743947908,2.3140993031120205,0.7041650503594101
54100.0,charmm-gui-6586474763_gromacs_replicate_3,73.63697568876282,3.6813162905546775,0.8371723159055108,1.1522870988163114,0.3425317880505778
54200.0,charmm-gui-6586474763_gromacs_replicate_3,64.50544331271999,3.471901163058297,0.7509526927748996,2.0199731621800097,0.6932275277199639
54300.0,charmm-gui-6586474763_gromacs_replicate_3,60.654779206933476,3.3048854905250358,0.7570065095534958,2.2019075686818823,0.7575673462667392
54400.0,charmm-gui-6586474763_gromacs_replicate_3,73.03786358677173,3.164495930955454,0.7681226894644008,2.2574085235336563,0.7502541960497867
54500.0,charmm-gui-6586474763_gromacs_replicate_3,55.492166756356966,3.530690187222737,0.5115021897960993,2.0798871406756483,0.720063709399426
54600.0,charmm-gui-6586474763_gromacs_replicate_3,49.351457723736274,3.4370797889919706,0.6645931277438498,3.9567516538399086,0.8662675953484698
54700.0,charmm-gui-6586474763_gromacs_replicate_3,45.45103156082038,3.12612733872695,0.7794879660050157,0.6178582358565361,0.27909171777897174
54800.0,charmm-gui-6586474763_gromacs_replicate_3,53.25892476695819,3.566619580251431,0.8050805648669529,1.8956902467918688,0.5780094542387315
54900.0,charmm-gui-6586474763_gromacs_replicate_3,50.596419768958874,3.418921588868885,0.5126338241040682,2.34118832909415,0.738958615944962
55000.0,charmm-gui-6586474763_gromacs_replicate_3,52.868713721534135,3.5698833798781364,0.5524885484567909,4.336383592236664,0.8195416644943913
55100.0,charmm-gui-6586474763_gromacs_replicate_3,79.9547232132284,3.852985965989263,0.6603805524242614,0.7517587379863322,0.26571934490353427
55200.0,charmm-gui-6586474763_gromacs_replicate_3,53.96703809401612,3.2983214596769677,0.7629588639190398,2.682786072028677,0.7091902679230929
55300.0,charmm-gui-6586474763_gromacs_replicate_3,59.76142400660686,3.790205816302319,0.70835469602287,1.5060263230060105,0.4299270830275796
55400.0,charmm-gui-6586474763_gromacs_replicate_3,64.97098137730809,3.904040074906851,0.632186184124746,1.985107697192465,0.5546064567327861
55500.0,charmm-gui-6586474763_gromacs_replicate_3,73.55295728245876,4.320249427787052,0.686638474215979,2.595935613066044,0.7287186645265826
55600.0,charmm-gui-6586474763_gromacs_replicate_3,57.22745108151867,3.582898072635709,0.6787122089174277,0.7141609723197366,0.26001832750480186
55700.0,charmm-gui-6586474763_gromacs_replicate_3,63.797351112674804,3.8640660944550915,0.6806469442535125,3.233407086969666,0.8009841911845108
55800.0,charmm-gui-6586474763_gromacs_replicate_3,58.1576225042965,3.149557582190895,0.7336303705475113,2.8543332484968604,0.8617574758904367
55900.0,charmm-gui-6586474763_gromacs_replicate_3,61.66730458624751,3.1277561380971006,0.8502451779676485,1.3327259807428917,0.44578858415762246
56000.0,charmm-gui-6586474763_gromacs_replicate_3,52.47200166826411,3.7533324985020187,0.5503407305208159,3.503369799530518,0.8936011488273115
56100.0,charmm-gui-6586474763_gromacs_replicate_3,68.39119230896964,3.9783194706373175,0.738470390789654,2.576285457025768,0.7008565554251839
56200.0,charmm-gui-6586474763_gromacs_replicate_3,48.670616362224195,3.2542909510711695,0.5354511094344057,0.8350820596804351,0.2803903843185564
56300.0,charmm-gui-6586474763_gromacs_replicate_3,50.5624459056951,3.8575732604921456,0.6188773433407228,2.950725514522673,0.8403067771167747
56400.0,charmm-gui-6586474763_gromacs_replicate_3,53.210671494822705,3.4687024213040383,0.49186636207540446,0.8152661143143445,0.2791226930721629
56500.0,charmm-gui-6586474763_gromacs_replicate_3,59.176673827306004,3.5640737872602237,0.5811897989985982,2.5139489704525695,0.7543136248553756
56600.0,charmm-gui-6586474763_gromacs_replicate_3,54.384360742162976,3.7005899964218356,0.560592650421205,4.346139869172721,0.8210682382249405
56700.0,charmm-gui-6586474763_gromacs_replicate_3,61.51528874891,3.698435622071199,0.6309747300655176,3.99294320307341,0.8930752290968587
56800.0,charmm-gui-6586474763_gromacs_replicate_3,54.268247277562054,3.3528425899951104,0.8714723347087072,1.3006897472911363,0.3878473565205467
56900.0,charmm-gui-6586474763_gromacs_replicate_3,58.821864854456905,2.7566891291766016,0.8524997354668471,3.886419289273831,0.8503996551765435
57000.0,charmm-gui-6586474763_gromacs_replicate_3,54.95455614292221,3.2580165454168966,0.52034111017074,1.233127615889086,0.41689602394644093
57100.0,charmm-gui-6586474763_gromacs_replicate_3,67.07900426429839,4.018889838872417,0.7413567866286656,2.4038217873503993,0.7622306320531387
57200.0,charmm-gui-6586474763_gromacs_replicate_3,51.1090472910299,3.738126315624062,0.6412202827180671,4.099449105136933,0.8603615198991291
57300.0,charmm-gui-6586474763_gromacs_replicate_3,68.75751242147533,3.507339127815902,0.7100385207811535,3.9531233797856435,0.8863817261486807
57400.0,charmm-gui-6586474763_gromacs_replicate_3,60.426541265360186,3.211918500288992,0.7838492480846594,3.118161296171744,0.8266775939289557
57500.0,charmm-gui-6586474763_gromacs_replicate_3,56.60356405467578,3.6024761239978207,0.4935604745688662,4.326746565945491,0.7837139590360084
57600.0,charmm-gui-6586474763_gromacs_replicate_3,55.23686391750675,3.245205708266775,0.8295350230427359,2.606171031698847,0.7109354849552658
57700.0,charmm-gui-6586474763_gromacs_replicate_3,69.34759973708272,3.559012810378639,0.8803621788380799,0.6558976885019544,0.2501350848605788
57800.0,charmm-gui-6586474763_gromacs_replicate_3,54.50792334935035,3.2817582000435563,0.5016969038756212,2.180936410764948,0.7440038655971636
57900.0,charmm-gui-6586474763_gromacs_replicate_3,47.20151509590221,2.6036555298365127,0.7008891050312283,0.6436143500893872,0.2473291270003085
58000.0,charmm-gui-6586474763_gromacs_replicate_3,53.27670675060713,3.3972637426104098,0.4893729793150292,1.2975710269244338,0.4336282715175999
58100.0,charmm-gui-6586474763_gromacs_replicate_3,70.90029046197336,4.258297354674483,0.6935995890316224,2.982718452202271,0.8451624510487595
58200.0,charmm-gui-6586474763_gromacs_replicate_3,49.732455702412786,3.214553742560255,0.6484939001065081,4.187486365674251,0.7567758680446796
58300.0,charmm-gui-6586474763_gromacs_replicate_3,59.11343755488659,3.839878207286916,0.5902820180073841,3.757195705052087,0.8867792909771194
58400.0,charmm-gui-6586474763_gromacs_replicate_3,50.882942174963716,3.3044544876147968,0.7957627308319923,3.731341051687799,0.8766102188611343
58500.0,charmm-gui-6586474763_gromacs_replicate_3,60.998124643002015,3.27347139604946,0.662211195925499,1.6727001620573776,0.6539822060083536
58600.0,charmm-gui-6586474763_gromacs_replicate_3,51.402022108949076,2.666321498640438,0.7032736415728489,2.0052285555543254,0.5997361019130029
58700.0,charmm-gui-6586474763_gromacs_replicate_3,44.4540193396746,2.2219504047410195,0.6939552062978899,0.5518871940310824,0.20164131550251962
58800.0,charmm-gui-6586474763_gromacs_replicate_3,51.59003971166831,3.558644972355365,0.58484901309638,4.108256194823844,0.795892787111163
58900.0,charmm-gui-6586474763_gromacs_replicate_3,44.35247975841767,3.290796094460804,0.5726470266305435,2.49051035549739,0.6708384368792363
59000.0,charmm-gui-6586474763_gromacs_replicate_3,48.81604443595158,3.5080571267194554,0.7598993988946002,4.509261140736004,0.8227093272287069
59100.0,charmm-gui-6586474763_gromacs_replicate_3,47.46313128551675,1.6756092362548667,0.5694879595225975,3.3248803201891506,0.8833434430138314
59200.0,charmm-gui-6586474763_gromacs_replicate_3,61.76513340683545,3.3620073072070378,0.7154664213064091,1.7546110994525745,0.5940458624958689
59300.0,charmm-gui-6586474763_gromacs_replicate_3,45.02154693083944,3.4974627842805277,0.5133096629380041,3.5572553115234853,0.8941142518218518
59400.0,charmm-gui-6586474763_gromacs_replicate_3,55.67437867296148,3.624038569231896,0.5681895189915765,3.5321817404838853,0.8940435687868828
59500.0,charmm-gui-6586474763_gromacs_replicate_3,54.44709772891153,3.6062028950551213,0.6204728782444803,0.6735590967754411,0.24752003277733645
59600.0,charmm-gui-6586474763_gromacs_replicate_3,52.895489860425506,2.8169023846823174,0.7452580414898241,1.779510727884432,0.5522520315653416
59700.0,charmm-gui-6586474763_gromacs_replicate_3,59.15653312778748,3.2008239672681036,0.8938015329626195,0.9108824944269404,0.38131673019536977
59800.0,charmm-gui-6586474763_gromacs_replicate_3,57.82634366058066,3.616096946969224,0.5850973150058951,2.9464149445719823,0.8519725242487476
59900.0,charmm-gui-6586474763_gromacs_replicate_3,45.844159036025225,3.1140544441117424,0.4889417186263824,2.70574826960964,0.845583386850565
60000.0,charmm-gui-6586474763_gromacs_replicate_3,55.216782861308886,3.4047419831305223,0.8259720680876091,2.220451541368709,0.7523573050391272
